ano_agricola,dsc_safra_previsao,uf,produto,id_produto,dsc_levantamento,id_levantamento,area_plantada_mil_ha,producao_mil_t,producao_acucar_mil_t,producao_etanol_anidro_mil_l,producao_etanol_hidratado_mil_l,producao_etanol_total_mil_l,produtcao_atr_kg_t,produtividade_t_ha,etanol_mil_m3,regiao
2017/18,UNICA,AL,CANA DE ACUCAR,4238,LEVANT,99,303.8,13646.9,1064.9,217373.0,109529.0,326902.0,123.6,44.92,326.9,Nordeste
2017/18,UNICA,AM,CANA DE ACUCAR,4238,LEVANT,99,3.6,222.1,11.9,0.0,4845.0,4845.0,93.1,61.69,4.84,Norte
2017/18,UNICA,BA,CANA DE ACUCAR,4238,LEVANT,99,47.1,3539.7,160.1,74714.0,105931.0,180645.0,135.3,75.15,180.64,Nordeste
2017/18,UNICA,ES,CANA DE ACUCAR,4238,LEVANT,99,47.6,2380.7,126.8,77370.0,13282.0,90652.0,122.7,50.01,90.65,Sudeste
2017/18,UNICA,GO,CANA DE ACUCAR,4238,LEVANT,99,911.6,70622.0,2234.6,1060506.0,3445990.0,4506496.0,142.2,77.47,4506.5,Centro-Oeste
2017/18,UNICA,MA,CANA DE ACUCAR,4238,LEVANT,99,38.0,2220.5,22.6,142972.0,19688.0,162660.0,139.3,58.43,162.66,Nordeste
2017/18,UNICA,MG,CANA DE ACUCAR,4238,LEVANT,99,824.9,65017.4,4237.3,1005722.0,1715029.0,2720751.0,140.3,78.82,2720.75,Sudeste
2017/18,UNICA,MS,CANA DE ACUCAR,4238,LEVANT,99,666.0,46940.2,1491.7,866264.0,1765958.0,2632222.0,129.6,70.48,2632.22,Centro-Oeste
2017/18,UNICA,MT,CANA DE ACUCAR,4238,LEVANT,99,226.9,16101.9,410.5,511939.0,593676.0,1105615.0,145.2,70.96,1105.62,Centro-Oeste
2017/18,UNICA,PA,CANA DE ACUCAR,4238,LEVANT,99,13.5,976.7,45.9,43472.0,8086.0,51558.0,141.9,72.35,51.56,Norte
2017/18,UNICA,PB,CANA DE ACUCAR,4238,LEVANT,99,119.6,5829.5,159.0,183734.0,180164.0,363898.0,136.5,48.74,363.9,Nordeste
2017/18,UNICA,PE,CANA DE ACUCAR,4238,LEVANT,99,223.2,10819.0,756.8,91985.0,227334.0,319319.0,124.0,48.47,319.32,Nordeste
2017/18,UNICA,PI,CANA DE ACUCAR,4238,LEVANT,99,15.7,850.0,63.0,19577.0,823.0,20400.0,120.1,54.14,20.4,Nordeste
2017/18,UNICA,PR,CANA DE ACUCAR,4238,LEVANT,99,583.7,37477.4,2929.5,584979.0,702864.0,1287843.0,141.3,64.21,1287.84,Sul
2017/18,UNICA,RJ,CANA DE ACUCAR,4238,LEVANT,99,17.5,872.1,35.4,0.0,46416.0,46416.0,132.6,49.83,46.42,Sudeste
2017/18,UNICA,RN,CANA DE ACUCAR,4238,LEVANT,99,57.8,2516.1,160.6,32032.0,44959.0,76991.0,119.7,43.53,76.99,Nordeste
2017/18,UNICA,RO,CANA DE ACUCAR,4238,LEVANT,99,1.8,78.0,0.0,0.0,4444.0,4444.0,96.4,43.33,4.44,Norte
2017/18,UNICA,RS,CANA DE ACUCAR,4238,LEVANT,99,1.2,44.8,0.0,0.0,2485.0,2485.0,93.8,37.33,2.48,Sul
2017/18,UNICA,SE,CANA DE ACUCAR,4238,LEVANT,99,37.0,1718.8,96.2,24031.0,46113.0,70144.0,128.8,46.45,70.14,Nordeste
2017/18,UNICA,SP,CANA DE ACUCAR,4238,LEVANT,99,4558.4,349200.5,23859.1,5942501.0,7144554.0,13087055.0,136.3,76.61,13087.06,Sudeste
2017/18,UNICA,TO,CANA DE ACUCAR,4238,LEVANT,99,30.6,2187.6,0.0,115747.0,60566.0,176313.0,140.2,71.49,176.31,Norte
2018/19,UNICA,AL,CANA DE ACUCAR,4238,LEVANT,99,293.2,16201.8,1194.8,180350.0,310059.0,490409.0,129.4,55.26,490.41,Nordeste
2018/19,UNICA,AM,CANA DE ACUCAR,4238,LEVANT,99,3.5,236.9,12.5,0.0,5468.0,5468.0,94.6,67.69,5.47,Norte
2018/19,UNICA,BA,CANA DE ACUCAR,4238,LEVANT,99,43.5,3742.9,108.0,80210.0,165488.0,245698.0,142.9,86.04,245.7,Nordeste
2018/19,UNICA,ES,CANA DE ACUCAR,4238,LEVANT,99,46.7,3174.1,146.9,111542.0,25751.0,137293.0,124.3,67.97,137.29,Sudeste
2018/19,UNICA,GO,CANA DE ACUCAR,4238,LEVANT,99,917.1,70001.4,1670.0,686734.0,4035481.0,4722215.0,139.9,76.33,4722.22,Centro-Oeste
2018/19,UNICA,MA,CANA DE ACUCAR,4238,LEVANT,99,35.3,1964.3,21.8,122828.0,25088.0,147916.0,143.6,55.65,147.92,Nordeste
2018/19,UNICA,MG,CANA DE ACUCAR,4238,LEVANT,99,848.0,63199.8,3063.3,824928.0,2413422.0,3238350.0,138.5,74.53,3238.35,Sudeste
2018/19,UNICA,MS,CANA DE ACUCAR,4238,LEVANT,99,647.4,49504.7,944.3,799734.0,2477161.0,3276895.0,133.2,76.47,3276.9,Centro-Oeste
2018/19,UNICA,MT,CANA DE ACUCAR,4238,LEVANT,99,228.9,17348.9,370.5,470348.0,742289.0,1212637.0,142.6,75.79,1212.64,Centro-Oeste
2018/19,UNICA,PA,CANA DE ACUCAR,4238,LEVANT,99,14.4,999.0,47.0,36093.0,10033.0,46126.0,130.2,69.38,46.13,Norte
2018/19,UNICA,PB,CANA DE ACUCAR,4238,LEVANT,99,122.1,5589.1,117.5,152662.0,229338.0,382000.0,139.7,45.77,382.0,Nordeste
2018/19,UNICA,PE,CANA DE ACUCAR,4238,LEVANT,99,231.2,11425.4,732.8,79843.0,352050.0,431893.0,131.8,49.42,431.89,Nordeste
2018/19,UNICA,PI,CANA DE ACUCAR,4238,LEVANT,99,19.0,1167.2,78.4,18020.0,19460.0,37480.0,126.0,61.43,37.48,Nordeste
2018/19,UNICA,PR,CANA DE ACUCAR,4238,LEVANT,99,569.1,35495.2,2096.2,517904.0,1091418.0,1609322.0,139.7,62.37,1609.32,Sul
2018/19,UNICA,RJ,CANA DE ACUCAR,4238,LEVANT,99,21.4,1057.5,21.2,0.0,58288.0,58288.0,114.3,49.42,58.29,Sudeste
2018/19,UNICA,RN,CANA DE ACUCAR,4238,LEVANT,99,53.1,2429.3,118.2,16531.0,88446.0,104977.0,124.7,45.75,104.98,Nordeste
2018/19,UNICA,RO,CANA DE ACUCAR,4238,LEVANT,99,1.3,58.0,0.0,0.0,2100.0,2100.0,61.2,44.62,2.1,Norte
2018/19,UNICA,RS,CANA DE ACUCAR,4238,LEVANT,99,0.9,39.1,0.0,0.0,2189.0,2189.0,94.7,43.44,2.19,Sul
2018/19,UNICA,SE,CANA DE ACUCAR,4238,LEVANT,99,36.6,1896.3,99.3,19099.0,81803.0,100902.0,145.7,51.81,100.9,Nordeste
2018/19,UNICA,SP,CANA DE ACUCAR,4238,LEVANT,99,4426.2,332880.6,18195.5,5137959.0,10806319.0,15944278.0,139.5,75.21,15944.28,Sudeste
2018/19,UNICA,TO,CANA DE ACUCAR,4238,LEVANT,99,30.4,2023.9,0.0,69684.0,85523.0,155207.0,132.2,66.58,155.21,Norte
2019/20,UNICA,AL,CANA DE ACUCAR,4238,LEVANT,99,292.0,17439.5,1394.1,217677.0,304851.8,522528.8,135.5,59.72,522.53,Nordeste
2019/20,UNICA,AM,CANA DE ACUCAR,4238,LEVANT,99,3.4,290.4,12.3,0.0,8816.0,8816.0,95.9,85.41,8.82,Norte
2019/20,UNICA,BA,CANA DE ACUCAR,4238,LEVANT,99,47.0,4105.0,118.6,83381.0,165640.0,249021.0,134.4,87.34,249.02,Nordeste
2019/20,UNICA,ES,CANA DE ACUCAR,4238,LEVANT,99,48.6,2883.9,137.6,105342.0,13576.0,118918.0,122.5,59.34,118.92,Sudeste
2019/20,UNICA,GO,CANA DE ACUCAR,4238,LEVANT,99,943.3,75273.7,1781.8,775063.0,4473964.0,5249027.0,143.5,79.8,5249.03,Centro-Oeste
2019/20,UNICA,MA,CANA DE ACUCAR,4238,LEVANT,99,34.1,2343.1,23.3,142248.0,25813.0,168061.0,136.2,68.71,168.06,Nordeste
2019/20,UNICA,MG,CANA DE ACUCAR,4238,LEVANT,99,820.5,68699.8,3192.7,1022456.0,2568537.0,3590993.0,138.3,83.73,3590.99,Sudeste
2019/20,UNICA,MS,CANA DE ACUCAR,4238,LEVANT,99,661.0,47515.0,730.7,672410.0,2668903.0,3341313.0,136.1,71.88,3341.31,Centro-Oeste
2019/20,UNICA,MT,CANA DE ACUCAR,4238,LEVANT,99,215.6,17657.7,404.9,368075.0,812115.0,1180190.0,138.6,81.9,1180.19,Centro-Oeste
2019/20,UNICA,PA,CANA DE ACUCAR,4238,LEVANT,99,14.5,1195.0,55.6,42634.0,15667.0,58301.0,134.0,82.41,58.3,Norte
2019/20,UNICA,PB,CANA DE ACUCAR,4238,LEVANT,99,122.8,6736.2,141.1,204306.0,238440.0,442746.0,135.4,54.86,442.75,Nordeste
2019/20,UNICA,PE,CANA DE ACUCAR,4238,LEVANT,99,237.3,12519.6,860.4,113312.0,337418.0,450730.0,133.7,52.76,450.73,Nordeste
2019/20,UNICA,PI,CANA DE ACUCAR,4238,LEVANT,99,19.2,1249.0,84.0,16804.0,29653.0,46457.0,134.5,65.05,46.46,Nordeste
2019/20,UNICA,PR,CANA DE ACUCAR,4238,LEVANT,99,531.0,34352.6,2197.4,564486.5,1059700.5,1624187.0,148.3,64.69,1624.19,Sul
2019/20,UNICA,RJ,CANA DE ACUCAR,4238,LEVANT,99,29.2,845.8,4.4,0.0,57374.0,57374.0,120.1,28.97,57.37,Sudeste
2019/20,UNICA,RN,CANA DE ACUCAR,4238,LEVANT,99,55.2,2781.4,137.4,22863.0,101535.0,124398.0,128.1,50.39,124.4,Nordeste
2019/20,UNICA,RS,CANA DE ACUCAR,4238,LEVANT,99,0.7,31.0,0.0,0.0,1638.0,1638.0,89.5,44.29,1.64,Sul
2019/20,UNICA,SE,CANA DE ACUCAR,4238,LEVANT,99,36.7,1947.5,82.2,21997.0,89166.0,111163.0,141.6,53.07,111.16,Nordeste
2019/20,UNICA,SP,CANA DE ACUCAR,4238,LEVANT,99,4302.2,342614.3,18437.2,5661866.0,10827520.0,16489386.0,139.1,79.64,16489.39,Sudeste
2019/20,UNICA,TO,CANA DE ACUCAR,4238,LEVANT,99,27.7,2237.2,0.0,81536.0,84834.0,166370.0,128.5,80.77,166.37,Norte
2020/21,UNICA,AL,CANA DE ACUCAR,4238,LEVANT,99,298.4,17003.0,1436.1,189696.0,233069.0,422765.0,131.5,56.98,422.76,Nordeste
2020/21,UNICA,AM,CANA DE ACUCAR,4238,LEVANT,99,3.7,281.5,10.9,0.0,9009.0,9009.0,94.9,76.08,9.01,Norte
2020/21,UNICA,BA,CANA DE ACUCAR,4238,LEVANT,99,50.4,4459.9,134.2,117022.0,156524.0,273546.0,137.2,88.49,273.55,Nordeste
2020/21,UNICA,ES,CANA DE ACUCAR,4238,LEVANT,99,46.9,2655.2,137.2,70903.0,40433.0,111336.0,127.1,56.61,111.34,Sudeste
2020/21,UNICA,GO,CANA DE ACUCAR,4238,LEVANT,99,971.6,74039.9,2319.1,881689.0,3864977.0,4746666.0,142.2,76.2,4746.67,Centro-Oeste
2020/21,UNICA,MA,CANA DE ACUCAR,4238,LEVANT,99,33.1,2427.4,15.0,162468.0,15726.0,178194.0,135.6,73.34,178.19,Nordeste
2020/21,UNICA,MG,CANA DE ACUCAR,4238,LEVANT,99,854.2,70565.8,4714.9,911749.0,2159728.0,3071477.0,144.7,82.61,3071.48,Sudeste
2020/21,UNICA,MS,CANA DE ACUCAR,4238,LEVANT,99,637.2,48991.7,1847.5,655169.0,2214263.0,2869432.0,139.6,76.89,2869.43,Centro-Oeste
2020/21,UNICA,MT,CANA DE ACUCAR,4238,LEVANT,99,214.6,16773.2,484.4,383133.0,789738.2,1172871.2,150.3,78.16,1172.87,Centro-Oeste
2020/21,UNICA,PA,CANA DE ACUCAR,4238,LEVANT,99,13.8,1036.4,50.9,38676.0,11724.0,50400.0,136.6,75.1,50.4,Norte
2020/21,UNICA,PB,CANA DE ACUCAR,4238,LEVANT,99,118.3,6242.1,143.8,180028.0,226054.0,406082.0,136.3,52.77,406.08,Nordeste
2020/21,UNICA,PE,CANA DE ACUCAR,4238,LEVANT,99,233.0,11827.4,872.9,103092.0,254787.0,357879.0,129.3,50.76,357.88,Nordeste
2020/21,UNICA,PI,CANA DE ACUCAR,4238,LEVANT,99,20.1,1177.3,81.7,28135.0,10473.0,38608.0,130.1,58.57,38.61,Nordeste
2020/21,UNICA,PR,CANA DE ACUCAR,4238,LEVANT,99,522.9,31961.6,2619.2,455264.0,717403.0,1172667.0,139.5,61.12,1172.67,Sul
2020/21,UNICA,RJ,CANA DE ACUCAR,4238,LEVANT,99,32.7,1083.3,8.2,0.0,74305.0,74305.0,124.0,33.13,74.31,Sudeste
2020/21,UNICA,RN,CANA DE ACUCAR,4238,LEVANT,99,57.7,3067.8,173.6,31337.0,86270.0,117607.0,125.0,53.17,117.61,Nordeste
2020/21,UNICA,RS,CANA DE ACUCAR,4238,LEVANT,99,0.7,29.7,0.0,0.0,1628.8,1628.8,92.8,42.43,1.63,Sul
2020/21,UNICA,SE,CANA DE ACUCAR,4238,LEVANT,99,38.7,2243.6,117.6,21119.0,86627.0,107746.0,136.9,57.97,107.75,Nordeste
2020/21,UNICA,SP,CANA DE ACUCAR,4238,LEVANT,99,4444.2,354288.4,26087.1,5005270.0,9382984.0,14388254.0,147.0,79.72,14388.25,Sudeste
2020/21,UNICA,TO,CANA DE ACUCAR,4238,LEVANT,99,28.2,2171.0,0.0,87062.0,88888.0,175950.0,140.0,76.99,175.95,Norte
2021/22,UNICA,AL,CANA DE ACUCAR,4238,4º LEV,4,307.7,19199.9,1376.6,197147.0,233385.0,430532.0,113.9,62.4,430.53,Nordeste
2021/22,UNICA,AM,CANA DE ACUCAR,4238,4º LEV,4,3.7,306.3,14.7,0.0,7697.0,7697.0,92.7,82.78,7.7,Norte
2021/22,UNICA,BA,CANA DE ACUCAR,4238,4º LEV,4,57.0,4654.1,129.6,121002.0,192890.0,313892.0,145.2,81.65,313.89,Nordeste
2021/22,UNICA,ES,CANA DE ACUCAR,4238,4º LEV,4,46.5,2653.9,129.6,82179.0,31385.0,113564.0,125.9,57.07,113.56,Sudeste
2021/22,UNICA,GO,CANA DE ACUCAR,4238,4º LEV,4,962.9,71898.3,2297.5,1206631.0,3590325.0,4796956.0,147.6,74.67,4796.96,Centro-Oeste
2021/22,UNICA,MA,CANA DE ACUCAR,4238,4º LEV,4,28.6,2266.9,28.8,154101.0,9724.0,163825.0,140.6,79.26,163.82,Nordeste
2021/22,UNICA,MG,CANA DE ACUCAR,4238,4º LEV,4,846.5,63947.7,4145.2,1217235.0,1712721.0,2929956.0,146.9,75.54,2929.96,Sudeste
2021/22,UNICA,MS,CANA DE ACUCAR,4238,4º LEV,4,648.6,44180.3,1373.8,745093.0,1804472.0,2549565.0,131.5,68.12,2549.56,Centro-Oeste
2021/22,UNICA,MT,CANA DE ACUCAR,4238,4º LEV,4,195.2,15291.8,471.8,384239.0,627903.0,1012142.0,146.2,78.34,1012.14,Centro-Oeste
2021/22,UNICA,PA,CANA DE ACUCAR,4238,4º LEV,4,14.1,1239.8,66.5,43522.0,13963.0,57485.0,137.3,87.93,57.48,Norte
2021/22,UNICA,PB,CANA DE ACUCAR,4238,4º LEV,4,117.2,6081.3,132.5,242541.0,134293.0,376834.0,130.6,51.89,376.83,Nordeste
2021/22,UNICA,PE,CANA DE ACUCAR,4238,4º LEV,4,217.4,12647.7,798.8,134084.0,236208.0,370292.0,116.6,58.18,370.29,Nordeste
2021/22,UNICA,PI,CANA DE ACUCAR,4238,4º LEV,4,20.8,1468.8,100.6,35216.0,17487.0,52703.0,134.4,70.62,52.7,Nordeste
2021/22,UNICA,PR,CANA DE ACUCAR,4238,4º LEV,4,522.9,31961.6,2326.8,556241.6,592838.6,1149080.2,138.5,61.12,1149.08,Sul
2021/22,UNICA,RJ,CANA DE ACUCAR,4238,4º LEV,4,33.7,1833.4,11.1,0.0,125587.0,125587.0,122.2,54.4,125.59,Sudeste
2021/22,UNICA,RN,CANA DE ACUCAR,4238,4º LEV,4,57.5,2538.4,141.9,27336.0,58262.0,85598.0,116.5,44.15,85.6,Nordeste
2021/22,UNICA,SE,CANA DE ACUCAR,4238,4º LEV,4,41.2,2205.1,97.4,19177.0,87672.0,106849.0,128.9,53.52,106.85,Nordeste
2021/22,UNICA,SP,CANA DE ACUCAR,4238,4º LEV,4,4168.7,298494.8,21405.9,5347976.0,6595760.0,11943736.0,144.3,71.6,11943.74,Sudeste
2021/22,UNICA,TO,CANA DE ACUCAR,4238,4º LEV,4,27.2,2309.4,0.0,90846.0,107691.0,198537.0,148.3,84.9,198.54,Norte
2022/23,UNICA,AL,CANA DE ACUCAR,4238,4º LEV,4,304.3,19841.1,1730.9,220924.0,218254.0,439178.0,123.5,65.2,439.18,Nordeste
2022/23,UNICA,AM,CANA DE ACUCAR,4238,4º LEV,4,3.8,218.0,12.1,0.0,5586.0,5586.0,107.0,57.37,5.59,Norte
2022/23,UNICA,BA,CANA DE ACUCAR,4238,4º LEV,4,57.0,4657.7,87.5,132348.0,192318.0,324666.0,134.4,81.71,324.67,Nordeste
2022/23,UNICA,ES,CANA DE ACUCAR,4238,4º LEV,4,47.5,2759.7,127.8,88859.0,87311.0,176170.0,123.7,58.1,176.17,Sudeste
2022/23,UNICA,GO,CANA DE ACUCAR,4238,4º LEV,4,956.8,71035.4,2163.1,1277747.2,3279386.5,4557133.7,136.0,74.24,4557.13,Centro-Oeste
2022/23,UNICA,MA,CANA DE ACUCAR,4238,4º LEV,4,28.3,2158.1,26.1,146111.0,12857.0,158968.0,136.1,76.26,158.97,Nordeste
2022/23,UNICA,MG,CANA DE ACUCAR,4238,4º LEV,4,896.4,70537.9,4501.9,1201283.2,1438226.9,2639510.1,138.7,78.69,2639.51,Sudeste
2022/23,UNICA,MS,CANA DE ACUCAR,4238,4º LEV,4,636.0,44627.1,1500.3,1312029.0,2055565.0,3367594.0,131.3,70.17,3367.59,Centro-Oeste
2022/23,UNICA,MT,CANA DE ACUCAR,4238,4º LEV,4,174.7,15876.6,501.6,394507.0,749076.0,1143583.0,134.1,90.88,1143.58,Centro-Oeste
2022/23,UNICA,PA,CANA DE ACUCAR,4238,4º LEV,4,15.5,1227.0,60.3,40103.0,12324.0,52427.0,130.0,79.16,52.43,Norte
2022/23,UNICA,PB,CANA DE ACUCAR,4238,4º LEV,4,117.6,7302.4,169.2,284221.0,168229.0,452450.0,129.8,62.1,452.45,Nordeste
2022/23,UNICA,PE,CANA DE ACUCAR,4238,4º LEV,4,237.4,14605.0,982.7,215017.9,183269.2,398287.1,129.6,61.52,398.29,Nordeste
2022/23,UNICA,PI,CANA DE ACUCAR,4238,4º LEV,4,21.2,1459.0,101.0,27915.0,17116.0,45031.0,126.3,68.82,45.03,Nordeste
2022/23,UNICA,PR,CANA DE ACUCAR,4238,4º LEV,4,475.4,30953.1,2218.8,596509.0,495298.0,1091807.0,129.2,65.11,1091.81,Sul
2022/23,UNICA,RJ,CANA DE ACUCAR,4238,4º LEV,4,35.5,1578.2,28.7,0.0,109622.0,109622.0,128.1,44.46,109.62,Sudeste
2022/23,UNICA,RN,CANA DE ACUCAR,4238,4º LEV,4,66.1,3662.3,206.9,45777.5,81799.0,127576.5,127.6,55.41,127.58,Nordeste
2022/23,UNICA,SE,CANA DE ACUCAR,4238,4º LEV,4,39.6,2375.2,129.8,17024.0,85477.0,102501.0,123.2,59.98,102.5,Nordeste
2022/23,UNICA,SP,CANA DE ACUCAR,4238,4º LEV,4,4147.6,312879.5,22487.6,5553618.0,6415042.0,11968660.0,133.6,75.44,11968.66,Sudeste
2022/23,UNICA,TO,CANA DE ACUCAR,4238,4º LEV,4,27.9,2378.0,0.0,93175.0,111963.0,205138.0,131.0,85.23,205.14,Norte
2023/24,UNICA,AL,CANA DE ACUCAR,4238,4º LEV,4,298.7,19675.8,1495.3,271869.4,204151.0,476020.4,127.1,65.87,476.02,Nordeste
2023/24,UNICA,AM,CANA DE ACUCAR,4238,4º LEV,4,3.9,304.0,20.4,0.0,7805.0,7805.0,122.5,77.95,7.8,Norte
2023/24,UNICA,BA,CANA DE ACUCAR,4238,4º LEV,4,65.7,5950.5,131.2,175243.9,220506.4,395750.3,134.7,90.57,395.75,Nordeste
2023/24,UNICA,ES,CANA DE ACUCAR,4238,4º LEV,4,48.7,2815.6,150.6,106991.0,8239.0,115230.0,121.9,57.82,115.23,Sudeste
2023/24,UNICA,GO,CANA DE ACUCAR,4238,4º LEV,4,954.8,76600.6,2719.2,1243421.7,3506169.9,4749591.6,137.3,80.23,4749.59,Centro-Oeste
2023/24,UNICA,MA,CANA DE ACUCAR,4238,4º LEV,4,29.3,2078.2,19.5,136583.2,24104.6,160687.8,134.1,70.93,160.69,Nordeste
2023/24,UNICA,MG,CANA DE ACUCAR,4238,4º LEV,4,929.2,81376.5,5481.6,1359436.5,1946597.0,3306033.5,137.2,87.58,3306.03,Sudeste
2023/24,UNICA,MS,CANA DE ACUCAR,4238,4º LEV,4,629.9,50771.7,2209.5,847747.4,2027989.0,2875736.4,133.6,80.6,2875.74,Centro-Oeste
2023/24,UNICA,MT,CANA DE ACUCAR,4238,4º LEV,4,194.1,17663.3,539.3,364060.8,740085.1,1104145.9,135.4,91.0,1104.15,Centro-Oeste
2023/24,UNICA,PA,CANA DE ACUCAR,4238,4º LEV,4,16.9,1276.0,78.8,37172.0,12590.0,49762.0,130.0,75.5,49.76,Norte
2023/24,UNICA,PB,CANA DE ACUCAR,4238,4º LEV,4,125.6,7605.7,228.0,211758.0,151299.0,363057.0,124.4,60.55,363.06,Nordeste
2023/24,UNICA,PE,CANA DE ACUCAR,4238,4º LEV,4,233.7,13810.2,969.5,139090.2,192747.2,331837.4,123.6,59.09,331.84,Nordeste
2023/24,UNICA,PI,CANA DE ACUCAR,4238,4º LEV,4,20.3,1302.0,97.5,32842.0,14319.0,47161.0,131.5,64.14,47.16,Nordeste
2023/24,UNICA,PR,CANA DE ACUCAR,4238,4º LEV,4,524.4,38730.9,2890.6,818432.2,541181.4,1359613.6,128.9,73.86,1359.61,Sul
2023/24,UNICA,RJ,CANA DE ACUCAR,4238,4º LEV,4,29.7,1425.3,33.7,0.0,82005.0,82005.0,118.2,47.99,82.0,Sudeste
2023/24,UNICA,RN,CANA DE ACUCAR,4238,4º LEV,4,66.7,3519.6,218.7,39155.0,97468.6,136623.6,127.5,52.77,136.62,Nordeste
2023/24,UNICA,SE,CANA DE ACUCAR,4238,4º LEV,4,43.1,2535.9,133.5,17400.0,93739.0,111139.0,123.9,58.84,111.14,Nordeste
2023/24,UNICA,SP,CANA DE ACUCAR,4238,4º LEV,4,4091.2,383409.5,28261.9,6141160.2,7683590.0,13824750.2,135.4,93.72,13824.75,Sudeste
2023/24,UNICA,TO,CANA DE ACUCAR,4238,4º LEV,4,28.2,2363.0,0.0,106940.0,85654.0,192594.0,127.0,83.79,192.59,Norte
2024/25,UNICA,AL,CANA DE ACUCAR,4238,4º LEV,4,292.5,18588.2,1648.3,210046.9,237483.7,447530.6,137.6,63.55,447.53,Nordeste
2024/25,UNICA,AM,CANA DE ACUCAR,4238,4º LEV,4,3.8,351.0,21.0,0.0,8104.0,8104.0,122.5,92.37,8.1,Norte
2024/25,UNICA,BA,CANA DE ACUCAR,4238,4º LEV,4,76.9,6528.5,287.2,145700.0,189956.0,335656.0,134.6,84.9,335.66,Nordeste
2024/25,UNICA,ES,CANA DE ACUCAR,4238,4º LEV,4,55.7,3219.9,189.6,93030.0,38074.0,131104.0,120.4,57.81,131.1,Sudeste
2024/25,UNICA,GO,CANA DE ACUCAR,4238,4º LEV,4,969.7,78579.2,2957.3,1053171.8,3823482.7,4876654.5,137.0,81.03,4876.65,Centro-Oeste
2024/25,UNICA,MA,CANA DE ACUCAR,4238,4º LEV,4,29.3,2145.6,28.6,159150.3,20765.7,179916.0,135.0,73.23,179.92,Nordeste
2024/25,UNICA,MG,CANA DE ACUCAR,4238,4º LEV,4,1023.8,86154.7,5550.1,1206553.0,2205995.8,3412548.8,138.5,84.15,3412.55,Sudeste
2024/25,UNICA,MS,CANA DE ACUCAR,4238,4º LEV,4,674.4,49278.0,2699.2,772482.0,2034112.0,2806594.1,133.0,73.07,2806.59,Centro-Oeste
2024/25,UNICA,MT,CANA DE ACUCAR,4238,4º LEV,4,218.0,17962.1,578.4,425677.8,678519.5,1104197.3,135.6,82.39,1104.2,Centro-Oeste
2024/25,UNICA,PA,CANA DE ACUCAR,4238,4º LEV,4,16.7,1312.0,76.7,38247.0,12045.0,50292.0,130.9,78.56,50.29,Norte
2024/25,UNICA,PB,CANA DE ACUCAR,4238,4º LEV,4,127.3,7486.6,308.0,174467.0,157745.0,332212.0,129.5,58.81,332.21,Nordeste
2024/25,UNICA,PE,CANA DE ACUCAR,4238,4º LEV,4,242.0,14334.5,1180.7,138315.3,199337.5,337652.8,133.1,59.23,337.65,Nordeste
2024/25,UNICA,PI,CANA DE ACUCAR,4238,4º LEV,4,21.5,1292.0,111.1,15369.0,15369.0,30738.0,131.0,60.09,30.74,Nordeste
2024/25,UNICA,PR,CANA DE ACUCAR,4238,4º LEV,4,497.1,35719.6,2760.7,554083.5,624697.9,1178781.4,131.7,71.86,1178.78,Sul
2024/25,UNICA,RJ,CANA DE ACUCAR,4238,4º LEV,4,35.0,1751.4,48.0,0.0,100500.0,100500.0,130.5,50.04,100.5,Sudeste
2024/25,UNICA,RN,CANA DE ACUCAR,4238,4º LEV,4,81.6,4092.8,251.4,18878.0,125112.0,143990.0,127.9,50.16,143.99,Nordeste
2024/25,UNICA,SE,CANA DE ACUCAR,4238,4º LEV,4,44.8,2139.3,121.4,15000.0,82500.0,97500.0,129.8,47.75,97.5,Nordeste
2024/25,UNICA,SP,CANA DE ACUCAR,4238,4º LEV,4,4413.2,353547.4,26035.9,5347010.9,8200780.7,13547791.5,139.1,80.11,13547.79,Sudeste
2024/25,UNICA,TO,CANA DE ACUCAR,4238,4º LEV,4,30.5,2576.0,0.0,100000.0,114250.0,214250.0,126.0,84.46,214.25,Norte
2025/26,UNICA,AL,CANA DE ACUCAR,4238,3º LEV,3,293.1,18232.0,1539.5,188717.0,238304.2,427021.2,130.2,62.2,427.02,Nordeste
2025/26,UNICA,AM,CANA DE ACUCAR,4238,3º LEV,3,3.7,325.0,19.9,0.0,7069.0,7069.0,110.0,87.84,7.07,Norte
2025/26,UNICA,BA,CANA DE ACUCAR,4238,3º LEV,3,76.9,6362.9,147.7,136500.0,213685.0,350185.0,126.9,82.74,350.18,Nordeste
2025/26,UNICA,ES,CANA DE ACUCAR,4238,3º LEV,3,56.7,3501.8,198.0,94764.0,29000.0,123764.0,121.0,61.76,123.76,Sudeste
2025/26,UNICA,GO,CANA DE ACUCAR,4238,3º LEV,3,1027.9,80426.1,2793.0,1250067.3,3586577.8,4836645.1,133.8,78.24,4836.65,Centro-Oeste
2025/26,UNICA,MA,CANA DE ACUCAR,4238,3º LEV,3,30.9,2161.8,24.5,139931.0,22860.0,162791.0,135.5,69.96,162.79,Nordeste
2025/26,UNICA,MG,CANA DE ACUCAR,4238,3º LEV,3,1036.5,79646.3,5653.5,1228081.0,1573278.5,2801359.6,132.6,76.84,2801.36,Sudeste
2025/26,UNICA,MS,CANA DE ACUCAR,4238,3º LEV,3,715.9,52381.8,2504.8,956269.1,1806300.6,2762569.7,132.2,73.17,2762.57,Centro-Oeste
2025/26,UNICA,MT,CANA DE ACUCAR,4238,3º LEV,3,217.1,18222.5,605.7,424429.2,741435.2,1165864.3,132.8,83.94,1165.86,Centro-Oeste
2025/26,UNICA,PA,CANA DE ACUCAR,4238,3º LEV,3,17.8,1489.3,82.7,41941.0,13597.0,55538.0,130.0,83.67,55.54,Norte
2025/26,UNICA,PB,CANA DE ACUCAR,4238,3º LEV,3,126.0,7249.8,320.6,151954.0,206603.0,358557.0,124.5,57.54,358.56,Nordeste
2025/26,UNICA,PE,CANA DE ACUCAR,4238,3º LEV,3,234.5,13800.5,1063.2,130523.0,209536.0,340059.0,131.3,58.85,340.06,Nordeste
2025/26,UNICA,PI,CANA DE ACUCAR,4238,3º LEV,3,20.6,1038.6,111.1,11520.3,19217.7,30738.0,131.0,50.42,30.74,Nordeste
2025/26,UNICA,PR,CANA DE ACUCAR,4238,3º LEV,3,499.7,36198.2,2859.0,545614.2,628503.9,1174118.2,131.5,72.44,1174.12,Sul
2025/26,UNICA,RJ,CANA DE ACUCAR,4238,3º LEV,3,34.4,1694.0,22.4,0.0,105300.0,105300.0,113.4,49.24,105.3,Sudeste
2025/26,UNICA,RN,CANA DE ACUCAR,4238,3º LEV,3,81.6,4092.8,251.4,18878.0,125112.0,143990.0,130.5,50.16,143.99,Nordeste
2025/26,UNICA,SE,CANA DE ACUCAR,4238,3º LEV,3,44.5,2122.8,119.7,14700.0,82386.0,97086.0,130.0,47.7,97.09,Nordeste
2025/26,UNICA,SP,CANA DE ACUCAR,4238,3º LEV,3,4425.4,335312.8,26701.7,5060985.4,6382231.6,11443217.0,134.9,75.77,11443.22,Sudeste
2025/26,UNICA,TO,CANA DE ACUCAR,4238,3º LEV,3,31.6,2186.3,0.0,80035.3,85504.1,165539.4,128.0,69.19,165.54,Norte
