ano_agricola,dsc_safra_previsao,uf,produto,id_produto,dsc_levantamento,id_levantamento,area_plantada_mil_ha,producao_mil_t,producao_acucar_mil_t,producao_etanol_anidro_mil_l,producao_etanol_hidratado_mil_l,producao_etanol_total_mil_l,produtcao_atr_kg_t
2017/18,UNICA,AC,CANA DE ACUCAR,4238,1º LEV,1,1.9,104.2,0.0,0.0,6700.0,6700.0,108.7
2017/18,UNICA,AC,CANA DE ACUCAR,4238,2º LEV,2,1.9,106.5,0.0,0.0,6463.2,6463.2,102.6
2017/18,UNICA,AC,CANA DE ACUCAR,4238,LEVANT,99,0.0,0.0,0.0,0.0,0.0,0.0,0.0
2017/18,UNICA,AL,CANA DE ACUCAR,4238,1º LEV,1,301.7,15538.0,1326.5,246107.0,49624.0,295731.0,123.0
2017/18,UNICA,AL,CANA DE ACUCAR,4238,2º LEV,2,325.2,16850.6,1553.2,268717.5,62905.0,331622.4,131.2
2017/18,UNICA,AL,CANA DE ACUCAR,4238,LEVANT,99,303.8,13646.9,1064.9,217373.0,109529.0,326902.0,123.6
2017/18,UNICA,AM,CANA DE ACUCAR,4238,1º LEV,1,3.6,276.4,14.2,0.0,6449.0,6449.0,93.3
2017/18,UNICA,AM,CANA DE ACUCAR,4238,2º LEV,2,3.6,276.4,14.6,0.0,6642.1,6642.1,96.1
2017/18,UNICA,AM,CANA DE ACUCAR,4238,LEVANT,99,3.6,222.1,11.9,0.0,4845.0,4845.0,93.1
2017/18,UNICA,BA,CANA DE ACUCAR,4238,1º LEV,1,39.3,3106.0,143.8,70883.0,68664.0,139547.0,126.2
2017/18,UNICA,BA,CANA DE ACUCAR,4238,2º LEV,2,43.4,3172.1,135.8,56173.2,95801.3,151974.6,127.3
2017/18,UNICA,BA,CANA DE ACUCAR,4238,LEVANT,99,47.1,3539.7,160.1,74714.0,105931.0,180645.0,135.3
2017/18,UNICA,CE,CANA DE ACUCAR,4238,1º LEV,1,0.8,40.0,0.0,0.0,2795.0,2795.0,118.2
2017/18,UNICA,CE,CANA DE ACUCAR,4238,2º LEV,2,0.8,40.0,0.0,0.0,2862.4,2862.4,121.0
2017/18,UNICA,CE,CANA DE ACUCAR,4238,LEVANT,99,0.0,0.0,0.0,0.0,0.0,0.0,0.0
2017/18,UNICA,ES,CANA DE ACUCAR,4238,1º LEV,1,45.5,2228.6,83.3,86162.0,20908.0,107070.0,123.3
2017/18,UNICA,ES,CANA DE ACUCAR,4238,2º LEV,2,47.2,2114.9,94.8,71480.3,17541.7,89022.0,120.7
2017/18,UNICA,ES,CANA DE ACUCAR,4238,LEVANT,99,47.6,2380.7,126.8,77370.0,13282.0,90652.0,122.7
2017/18,UNICA,GO,CANA DE ACUCAR,4238,1º LEV,1,939.7,70404.3,2394.4,1287132.0,3064190.0,4351322.0,141.6
2017/18,UNICA,GO,CANA DE ACUCAR,4238,2º LEV,2,930.8,70265.1,2327.2,1083653.5,3224625.5,4308279.0,139.6
2017/18,UNICA,GO,CANA DE ACUCAR,4238,LEVANT,99,911.6,70622.0,2234.6,1060506.0,3445990.0,4506496.0,142.2
2017/18,UNICA,MA,CANA DE ACUCAR,4238,1º LEV,1,38.9,2097.5,20.9,131978.8,19230.1,151208.9,137.0
2017/18,UNICA,MA,CANA DE ACUCAR,4238,2º LEV,2,38.5,2050.5,19.7,120285.4,20050.0,140335.4,130.2
2017/18,UNICA,MA,CANA DE ACUCAR,4238,LEVANT,99,38.0,2220.5,22.6,142972.0,19688.0,162660.0,139.3
2017/18,UNICA,MG,CANA DE ACUCAR,4238,1º LEV,1,841.6,65670.3,4512.6,1023881.0,1422769.6,2446650.6,136.3
2017/18,UNICA,MG,CANA DE ACUCAR,4238,2º LEV,2,825.5,64513.8,4464.8,1033564.1,1462780.1,2496344.1,139.3
2017/18,UNICA,MG,CANA DE ACUCAR,4238,LEVANT,99,824.9,65017.4,4237.3,1005722.0,1715029.0,2720751.0,140.3
2017/18,UNICA,MS,CANA DE ACUCAR,4238,1º LEV,1,643.6,49829.6,1532.2,819356.0,1184082.0,2003438.0,101.5
2017/18,UNICA,MS,CANA DE ACUCAR,4238,2º LEV,2,660.4,50453.7,1615.4,958237.9,1815937.9,2774175.8,128.0
2017/18,UNICA,MS,CANA DE ACUCAR,4238,LEVANT,99,666.0,46940.2,1491.7,866264.0,1765958.0,2632222.0,129.6
2017/18,UNICA,MT,CANA DE ACUCAR,4238,1º LEV,1,221.8,15936.4,315.0,529755.0,585565.0,1115320.0,141.6
2017/18,UNICA,MT,CANA DE ACUCAR,4238,2º LEV,2,233.1,16940.0,391.2,586680.8,637957.5,1224638.3,149.1
2017/18,UNICA,MT,CANA DE ACUCAR,4238,LEVANT,99,226.9,16101.9,410.5,511939.0,593676.0,1105615.0,145.2
2017/18,UNICA,PA,CANA DE ACUCAR,4238,1º LEV,1,13.9,938.1,50.9,38636.0,5126.0,43762.0,138.9
2017/18,UNICA,PA,CANA DE ACUCAR,4238,2º LEV,2,13.9,938.1,50.9,38636.0,5126.0,43762.0,138.9
2017/18,UNICA,PA,CANA DE ACUCAR,4238,LEVANT,99,13.5,976.7,45.9,43472.0,8086.0,51558.0,141.9
2017/18,UNICA,PB,CANA DE ACUCAR,4238,1º LEV,1,124.4,5874.7,216.0,167001.0,136826.0,303827.0,128.1
2017/18,UNICA,PB,CANA DE ACUCAR,4238,2º LEV,2,125.0,6189.4,224.3,210469.6,111729.2,322198.8,128.6
2017/18,UNICA,PB,CANA DE ACUCAR,4238,LEVANT,99,119.6,5829.5,159.0,183734.0,180164.0,363898.0,136.5
2017/18,UNICA,PE,CANA DE ACUCAR,4238,1º LEV,1,259.5,13693.5,1009.7,140292.0,233138.0,373430.0,124.3
2017/18,UNICA,PE,CANA DE ACUCAR,4238,2º LEV,2,240.7,11860.4,936.2,129810.2,144387.5,274197.7,122.7
2017/18,UNICA,PE,CANA DE ACUCAR,4238,LEVANT,99,223.2,10819.0,756.8,91985.0,227334.0,319319.0,124.0
2017/18,UNICA,PI,CANA DE ACUCAR,4238,1º LEV,1,15.6,970.7,70.7,18368.0,0.0,18368.0,109.8
2017/18,UNICA,PI,CANA DE ACUCAR,4238,2º LEV,2,15.6,967.1,79.3,20597.4,0.0,20597.4,123.6
2017/18,UNICA,PI,CANA DE ACUCAR,4238,LEVANT,99,15.7,850.0,63.0,19577.0,823.0,20400.0,120.1
2017/18,UNICA,PR,CANA DE ACUCAR,4238,1º LEV,1,624.6,39947.4,2978.2,568782.0,745261.0,1314043.0,134.9
2017/18,UNICA,PR,CANA DE ACUCAR,4238,2º LEV,2,600.8,38713.5,3015.0,578922.8,654886.7,1233809.5,136.7
2017/18,UNICA,PR,CANA DE ACUCAR,4238,LEVANT,99,583.7,37477.4,2929.5,584979.0,702864.0,1287843.0,141.3
2017/18,UNICA,RJ,CANA DE ACUCAR,4238,1º LEV,1,28.0,1754.4,16.0,0.0,45000.0,45000.0,53.0
2017/18,UNICA,RJ,CANA DE ACUCAR,4238,2º LEV,2,17.5,1273.1,114.3,0.0,17393.2,17393.2,117.3
2017/18,UNICA,RJ,CANA DE ACUCAR,4238,LEVANT,99,17.5,872.1,35.4,0.0,46416.0,46416.0,132.6
2017/18,UNICA,RN,CANA DE ACUCAR,4238,1º LEV,1,58.4,2814.4,185.5,43783.0,20652.0,64435.0,109.0
2017/18,UNICA,RN,CANA DE ACUCAR,4238,2º LEV,2,55.1,2575.3,188.9,46778.4,19411.9,66190.3,121.8
2017/18,UNICA,RN,CANA DE ACUCAR,4238,LEVANT,99,57.8,2516.1,160.6,32032.0,44959.0,76991.0,119.7
2017/18,UNICA,RO,CANA DE ACUCAR,4238,1º LEV,1,2.5,118.2,0.0,0.0,8000.0,8000.0,114.5
2017/18,UNICA,RO,CANA DE ACUCAR,4238,2º LEV,2,2.5,107.7,0.0,0.0,7000.0,7000.0,109.9
2017/18,UNICA,RO,CANA DE ACUCAR,4238,LEVANT,99,1.8,78.0,0.0,0.0,4444.0,4444.0,96.4
2017/18,UNICA,RS,CANA DE ACUCAR,4238,1º LEV,1,1.1,54.8,0.0,0.0,3500.0,3500.0,108.0
2017/18,UNICA,RS,CANA DE ACUCAR,4238,2º LEV,2,1.1,54.8,0.0,0.0,3500.0,3500.0,108.0
2017/18,UNICA,RS,CANA DE ACUCAR,4238,LEVANT,99,1.2,44.8,0.0,0.0,2485.0,2485.0,93.8
2017/18,UNICA,SE,CANA DE ACUCAR,4238,1º LEV,1,42.8,1698.9,85.6,25026.0,43280.0,68306.0,122.0
2017/18,UNICA,SE,CANA DE ACUCAR,4238,2º LEV,2,44.0,1755.3,92.4,26977.7,54085.9,81063.5,134.5
2017/18,UNICA,SE,CANA DE ACUCAR,4238,LEVANT,99,37.0,1718.8,96.2,24031.0,46113.0,70144.0,128.8
2017/18,UNICA,SP,CANA DE ACUCAR,4238,1º LEV,1,4558.4,352214.0,24964.1,6338642.2,5919745.5,12258387.7,134.6
2017/18,UNICA,SP,CANA DE ACUCAR,4238,2º LEV,2,4509.2,352803.9,24069.3,5745577.4,6573910.0,12319487.3,131.9
2017/18,UNICA,SP,CANA DE ACUCAR,4238,LEVANT,99,4558.4,349200.5,23859.1,5942501.0,7144554.0,13087055.0,136.3
2017/18,UNICA,TO,CANA DE ACUCAR,4238,1º LEV,1,30.8,2315.2,0.0,116430.0,79800.0,196230.0,147.1
2017/18,UNICA,TO,CANA DE ACUCAR,4238,2º LEV,2,30.8,2315.2,0.0,116430.0,79800.0,196230.0,147.1
2017/18,UNICA,TO,CANA DE ACUCAR,4238,LEVANT,99,30.6,2187.6,0.0,115747.0,60566.0,176313.0,140.2
2018/19,UNICA,AC,CANA DE ACUCAR,4238,1º LEV,1,1.7,54.7,0.0,0.0,3331.0,3331.0,103.0
2018/19,UNICA,AC,CANA DE ACUCAR,4238,LEVANT,99,0.0,0.0,0.0,0.0,0.0,0.0,0.0
2018/19,UNICA,AL,CANA DE ACUCAR,4238,1º LEV,1,301.7,13339.1,1107.3,225413.0,113997.0,339410.0,131.4
2018/19,UNICA,AL,CANA DE ACUCAR,4238,2º LEV,2,286.2,15647.9,1220.6,291407.2,102300.2,393707.4,125.8
2018/19,UNICA,AL,CANA DE ACUCAR,4238,3º LEV,3,284.1,15944.7,1180.5,266958.0,184327.0,451285.0,126.8
2018/19,UNICA,AL,CANA DE ACUCAR,4238,4º LEV,4,293.2,16201.8,1194.8,180350.0,310059.0,490409.0,129.4
2018/19,UNICA,AL,CANA DE ACUCAR,4238,LEVANT,99,293.2,16201.8,1194.8,180350.0,310059.0,490409.0,129.4
2018/19,UNICA,AM,CANA DE ACUCAR,4238,1º LEV,1,3.5,241.7,13.4,0.0,5478.0,5478.0,96.5
2018/19,UNICA,AM,CANA DE ACUCAR,4238,2º LEV,2,3.5,276.3,19.6,0.0,6052.0,6052.0,93.0
2018/19,UNICA,AM,CANA DE ACUCAR,4238,3º LEV,3,3.5,237.0,12.5,0.0,5468.0,5468.0,94.5
2018/19,UNICA,AM,CANA DE ACUCAR,4238,4º LEV,4,3.5,236.9,12.5,0.0,5468.0,5468.0,94.6
2018/19,UNICA,AM,CANA DE ACUCAR,4238,LEVANT,99,3.5,236.9,12.5,0.0,5468.0,5468.0,94.6
2018/19,UNICA,BA,CANA DE ACUCAR,4238,1º LEV,1,44.6,3525.5,147.7,65495.0,104915.0,170410.0,127.1
2018/19,UNICA,BA,CANA DE ACUCAR,4238,2º LEV,2,38.4,3219.9,92.4,71800.0,106800.0,178600.0,131.3
2018/19,UNICA,BA,CANA DE ACUCAR,4238,3º LEV,3,39.1,3515.4,115.7,71800.0,147000.0,218800.0,141.3
2018/19,UNICA,BA,CANA DE ACUCAR,4238,4º LEV,4,43.5,3742.9,108.0,80210.0,165488.0,245698.0,142.9
2018/19,UNICA,BA,CANA DE ACUCAR,4238,LEVANT,99,43.5,3742.9,108.0,80210.0,165488.0,245698.0,142.9
2018/19,UNICA,ES,CANA DE ACUCAR,4238,1º LEV,1,45.3,2403.6,88.6,94795.0,19025.0,113820.0,121.7
2018/19,UNICA,ES,CANA DE ACUCAR,4238,2º LEV,2,45.3,3019.0,135.0,108960.0,22281.0,131241.0,111.3
2018/19,UNICA,ES,CANA DE ACUCAR,4238,3º LEV,3,44.9,3155.5,130.0,106220.0,35176.0,141396.0,121.5
2018/19,UNICA,ES,CANA DE ACUCAR,4238,4º LEV,4,46.7,3174.1,146.9,111542.0,25751.0,137293.0,124.3
2018/19,UNICA,ES,CANA DE ACUCAR,4238,LEVANT,99,46.7,3174.1,146.9,111542.0,25751.0,137293.0,124.3
2018/19,UNICA,GO,CANA DE ACUCAR,4238,1º LEV,1,909.8,71135.7,2110.6,1361472.0,3447179.0,4808651.0,146.9
2018/19,UNICA,GO,CANA DE ACUCAR,4238,2º LEV,2,917.1,70949.8,5797.9,1194064.0,4544551.0,5738615.0,164.9
2018/19,UNICA,GO,CANA DE ACUCAR,4238,3º LEV,3,909.8,69095.1,1749.7,1079557.1,3980000.0,5059557.1,151.6
2018/19,UNICA,GO,CANA DE ACUCAR,4238,4º LEV,4,917.1,70001.4,1670.0,715990.0,4197093.0,4913083.0,144.5
2018/19,UNICA,GO,CANA DE ACUCAR,4238,LEVANT,99,917.1,70001.4,1670.0,686734.0,4035481.0,4722215.0,139.9
2018/19,UNICA,MA,CANA DE ACUCAR,4238,1º LEV,1,37.2,2258.3,23.9,138918.0,23036.0,161954.0,136.9
2018/19,UNICA,MA,CANA DE ACUCAR,4238,2º LEV,2,35.0,2027.4,0.0,126291.0,19250.0,145541.0,137.7
2018/19,UNICA,MA,CANA DE ACUCAR,4238,3º LEV,3,35.3,2068.4,21.8,137047.7,25100.0,162147.7,148.5
2018/19,UNICA,MA,CANA DE ACUCAR,4238,4º LEV,4,35.3,1964.3,21.8,122828.0,25088.0,147916.0,143.6
2018/19,UNICA,MA,CANA DE ACUCAR,4238,LEVANT,99,35.3,1964.3,21.8,122828.0,25088.0,147916.0,143.6
2018/19,UNICA,MG,CANA DE ACUCAR,4238,1º LEV,1,842.2,64421.2,3414.2,1125026.0,1925551.0,3050577.0,137.0
2018/19,UNICA,MG,CANA DE ACUCAR,4238,2º LEV,2,851.3,66645.1,0.0,1070818.0,2219229.0,3290047.0,137.4
2018/19,UNICA,MG,CANA DE ACUCAR,4238,3º LEV,3,848.0,61619.8,3056.5,929721.0,2394742.4,3324463.4,144.4
2018/19,UNICA,MG,CANA DE ACUCAR,4238,4º LEV,4,848.0,63199.8,3063.3,824928.0,2413422.0,3238350.0,138.5
2018/19,UNICA,MG,CANA DE ACUCAR,4238,LEVANT,99,848.0,63199.8,3063.3,824928.0,2413422.0,3238350.0,138.5
2018/19,UNICA,MS,CANA DE ACUCAR,4238,1º LEV,1,660.0,49349.7,1703.5,1009148.0,1761758.0,2770906.0,132.7
2018/19,UNICA,MS,CANA DE ACUCAR,4238,2º LEV,2,664.7,49320.6,0.0,907786.0,1698714.0,2606500.0,126.0
2018/19,UNICA,MS,CANA DE ACUCAR,4238,3º LEV,3,663.4,49144.9,1507.6,1035493.0,2200000.0,3235493.0,145.1
2018/19,UNICA,MS,CANA DE ACUCAR,4238,4º LEV,4,647.4,49504.7,944.3,799734.0,2477161.0,3276895.0,133.2
2018/19,UNICA,MS,CANA DE ACUCAR,4238,LEVANT,99,647.4,49504.7,944.3,799734.0,2477161.0,3276895.0,133.2
2018/19,UNICA,MT,CANA DE ACUCAR,4238,1º LEV,1,232.1,16948.6,393.0,617877.0,607434.0,1225311.0,149.3
2018/19,UNICA,MT,CANA DE ACUCAR,4238,2º LEV,2,235.3,18067.1,905.9,573970.0,512795.0,1086765.0,125.5
2018/19,UNICA,MT,CANA DE ACUCAR,4238,3º LEV,3,229.8,16756.5,368.2,558695.0,680000.0,1238695.0,150.5
2018/19,UNICA,MT,CANA DE ACUCAR,4238,4º LEV,4,228.9,17348.9,370.5,673839.0,1129792.0,1803631.0,201.1
2018/19,UNICA,MT,CANA DE ACUCAR,4238,LEVANT,99,228.9,17348.9,370.5,470348.0,742289.0,1212637.0,142.6
2018/19,UNICA,PA,CANA DE ACUCAR,4238,1º LEV,1,13.5,908.1,40.6,37973.0,7205.0,45178.0,134.2
2018/19,UNICA,PA,CANA DE ACUCAR,4238,2º LEV,2,13.5,908.1,30.4,37973.0,7205.0,45178.0,134.2
2018/19,UNICA,PA,CANA DE ACUCAR,4238,3º LEV,3,14.4,1039.4,49.0,46044.0,7900.0,53944.0,140.5
2018/19,UNICA,PA,CANA DE ACUCAR,4238,4º LEV,4,14.4,999.0,47.0,36093.0,10033.0,46126.0,130.2
2018/19,UNICA,PA,CANA DE ACUCAR,4238,LEVANT,99,14.4,999.0,47.0,36093.0,10033.0,46126.0,130.2
2018/19,UNICA,PB,CANA DE ACUCAR,4238,1º LEV,1,119.7,5866.9,139.3,214038.0,149837.0,363875.0,132.5
2018/19,UNICA,PB,CANA DE ACUCAR,4238,2º LEV,2,119.7,6290.3,214.9,213801.0,171045.0,384846.0,136.1
2018/19,UNICA,PB,CANA DE ACUCAR,4238,3º LEV,3,121.3,6284.4,149.1,179756.0,221720.0,401476.0,135.1
2018/19,UNICA,PB,CANA DE ACUCAR,4238,4º LEV,4,122.1,5589.1,117.5,152662.0,229338.0,382000.0,139.7
2018/19,UNICA,PB,CANA DE ACUCAR,4238,LEVANT,99,122.1,5589.1,117.5,152662.0,229338.0,382000.0,139.7
2018/19,UNICA,PE,CANA DE ACUCAR,4238,1º LEV,1,225.2,11660.1,859.9,105316.0,195491.0,300807.0,121.7
2018/19,UNICA,PE,CANA DE ACUCAR,4238,2º LEV,2,231.0,11828.6,492.8,133441.0,272967.0,406408.0,125.9
2018/19,UNICA,PE,CANA DE ACUCAR,4238,3º LEV,3,237.1,12203.8,802.5,145437.0,285838.0,431275.0,129.7
2018/19,UNICA,PE,CANA DE ACUCAR,4238,4º LEV,4,231.2,11425.4,732.8,79843.0,352050.0,431893.0,131.8
2018/19,UNICA,PE,CANA DE ACUCAR,4238,LEVANT,99,231.2,11425.4,732.8,79843.0,352050.0,431893.0,131.8
2018/19,UNICA,PI,CANA DE ACUCAR,4238,1º LEV,1,17.4,1000.3,71.3,27576.0,0.0,27576.0,123.5
2018/19,UNICA,PI,CANA DE ACUCAR,4238,2º LEV,2,17.3,1000.3,22.4,31648.0,0.0,31648.0,141.6
2018/19,UNICA,PI,CANA DE ACUCAR,4238,3º LEV,3,17.3,1080.0,80.2,18100.0,18500.0,36600.0,136.5
2018/19,UNICA,PI,CANA DE ACUCAR,4238,4º LEV,4,19.0,1167.2,78.4,18020.0,19460.0,37480.0,126.0
2018/19,UNICA,PI,CANA DE ACUCAR,4238,LEVANT,99,19.0,1167.2,78.4,18020.0,19460.0,37480.0,126.0
2018/19,UNICA,PR,CANA DE ACUCAR,4238,1º LEV,1,572.0,37808.9,2758.8,592923.0,810402.0,1403325.0,140.5
2018/19,UNICA,PR,CANA DE ACUCAR,4238,2º LEV,2,570.3,36640.5,0.0,560133.0,916870.0,1477003.0,137.3
2018/19,UNICA,PR,CANA DE ACUCAR,4238,3º LEV,3,568.5,35627.6,2188.7,504114.0,1090507.0,1594621.0,141.2
2018/19,UNICA,PR,CANA DE ACUCAR,4238,4º LEV,4,569.1,35495.2,2096.2,519439.0,1099452.0,1618891.0,140.2
2018/19,UNICA,PR,CANA DE ACUCAR,4238,LEVANT,99,569.1,35495.2,2096.2,517904.0,1091418.0,1609322.0,139.7
2018/19,UNICA,RJ,CANA DE ACUCAR,4238,1º LEV,1,17.5,879.5,32.7,0.0,42863.0,42863.0,121.4
2018/19,UNICA,RJ,CANA DE ACUCAR,4238,2º LEV,2,26.8,1400.5,0.0,0.0,80000.0,80000.0,123.8
2018/19,UNICA,RJ,CANA DE ACUCAR,4238,3º LEV,3,33.4,1400.5,30.0,0.0,61800.0,61800.0,97.1
2018/19,UNICA,RJ,CANA DE ACUCAR,4238,4º LEV,4,21.4,1057.5,21.2,0.0,58288.0,58288.0,114.3
2018/19,UNICA,RJ,CANA DE ACUCAR,4238,LEVANT,99,21.4,1057.5,21.2,0.0,58288.0,58288.0,114.3
2018/19,UNICA,RN,CANA DE ACUCAR,4238,1º LEV,1,56.3,2650.0,128.4,37271.0,71153.0,108424.0,121.1
2018/19,UNICA,RN,CANA DE ACUCAR,4238,2º LEV,2,55.9,2639.6,53.8,38301.0,73369.0,111670.0,125.2
2018/19,UNICA,RN,CANA DE ACUCAR,4238,3º LEV,3,53.2,2502.3,133.4,21671.0,92638.0,114309.0,133.9
2018/19,UNICA,RN,CANA DE ACUCAR,4238,4º LEV,4,53.1,2429.3,118.2,16531.0,88446.0,104977.0,124.7
2018/19,UNICA,RN,CANA DE ACUCAR,4238,LEVANT,99,53.1,2429.3,118.2,16531.0,88446.0,104977.0,124.7
2018/19,UNICA,RO,CANA DE ACUCAR,4238,1º LEV,1,2.0,80.8,0.0,0.0,5963.0,5963.0,124.8
2018/19,UNICA,RO,CANA DE ACUCAR,4238,2º LEV,2,2.0,80.8,0.0,0.0,4600.0,4600.0,96.3
2018/19,UNICA,RO,CANA DE ACUCAR,4238,3º LEV,3,2.0,75.8,0.0,0.0,5100.0,5100.0,113.8
2018/19,UNICA,RO,CANA DE ACUCAR,4238,4º LEV,4,1.3,58.0,0.0,0.0,2100.0,2100.0,61.2
2018/19,UNICA,RO,CANA DE ACUCAR,4238,LEVANT,99,1.3,58.0,0.0,0.0,2100.0,2100.0,61.2
2018/19,UNICA,RS,CANA DE ACUCAR,4238,1º LEV,1,1.0,45.1,0.0,0.0,2852.0,2852.0,107.0
2018/19,UNICA,RS,CANA DE ACUCAR,4238,2º LEV,2,1.1,54.4,0.0,0.0,3200.0,3200.0,99.4
2018/19,UNICA,RS,CANA DE ACUCAR,4238,3º LEV,3,0.9,42.5,0.0,0.0,2200.0,2200.0,87.5
2018/19,UNICA,RS,CANA DE ACUCAR,4238,4º LEV,4,0.9,39.1,0.0,0.0,2189.0,2189.0,94.7
2018/19,UNICA,RS,CANA DE ACUCAR,4238,LEVANT,99,0.9,39.1,0.0,0.0,2189.0,2189.0,94.7
2018/19,UNICA,SE,CANA DE ACUCAR,4238,1º LEV,1,41.1,1990.0,104.4,30687.0,54945.0,85632.0,129.0
2018/19,UNICA,SE,CANA DE ACUCAR,4238,2º LEV,2,40.4,2048.4,130.7,28640.0,47636.0,76276.0,107.7
2018/19,UNICA,SE,CANA DE ACUCAR,4238,3º LEV,3,39.8,1982.4,86.4,22307.0,52374.0,74681.0,110.3
2018/19,UNICA,SE,CANA DE ACUCAR,4238,4º LEV,4,36.6,1896.3,99.3,19099.0,81803.0,100902.0,145.7
2018/19,UNICA,SE,CANA DE ACUCAR,4238,LEVANT,99,36.6,1896.3,99.3,19099.0,81803.0,100902.0,145.7
2018/19,UNICA,SP,CANA DE ACUCAR,4238,1º LEV,1,4439.8,337241.4,22339.0,6070482.0,6876853.0,12947335.0,135.8
2018/19,UNICA,SP,CANA DE ACUCAR,4238,2º LEV,2,4476.3,341370.3,18214.3,5745374.5,8293139.4,14038513.9,138.1
2018/19,UNICA,SP,CANA DE ACUCAR,4238,3º LEV,3,4458.1,330063.9,20066.6,5545871.7,10000000.0,15545871.7,144.7
2018/19,UNICA,SP,CANA DE ACUCAR,4238,4º LEV,4,4426.2,332880.6,18195.5,5137959.0,10806319.0,15944278.0,139.5
2018/19,UNICA,SP,CANA DE ACUCAR,4238,LEVANT,99,4426.2,332880.6,18195.5,5137959.0,10806319.0,15944278.0,139.5
2018/19,UNICA,TO,CANA DE ACUCAR,4238,1º LEV,1,29.8,2153.8,0.0,107650.0,66670.0,174320.0,140.6
2018/19,UNICA,TO,CANA DE ACUCAR,4238,2º LEV,2,30.4,2075.7,107.1,107650.0,66670.0,174320.0,145.9
2018/19,UNICA,TO,CANA DE ACUCAR,4238,3º LEV,3,30.3,2000.0,0.0,69699.0,85264.0,154963.0,133.6
2018/19,UNICA,TO,CANA DE ACUCAR,4238,4º LEV,4,30.4,2023.9,0.0,69684.0,85523.0,155207.0,132.2
2018/19,UNICA,TO,CANA DE ACUCAR,4238,LEVANT,99,30.4,2023.9,0.0,69684.0,85523.0,155207.0,132.2
2019/20,UNICA,AL,CANA DE ACUCAR,4238,1º LEV,1,243.7,16004.9,1256.2,228655.0,223770.0,452425.1,131.2
2019/20,UNICA,AL,CANA DE ACUCAR,4238,2º LEV,2,284.5,17364.8,1377.6,232998.0,268861.9,501859.8,133.1
2019/20,UNICA,AL,CANA DE ACUCAR,4238,3º LEV,3,297.3,18039.3,1315.5,220350.0,266275.0,486625.0,123.1
2019/20,UNICA,AL,CANA DE ACUCAR,4238,4º LEV,4,292.0,17439.5,1394.1,217677.0,304851.8,522528.8,135.5
2019/20,UNICA,AL,CANA DE ACUCAR,4238,LEVANT,99,292.0,17439.5,1394.1,217677.0,304851.8,522528.8,135.5
2019/20,UNICA,AM,CANA DE ACUCAR,4238,1º LEV,1,3.5,247.6,12.6,0.0,6108.1,6108.1,95.0
2019/20,UNICA,AM,CANA DE ACUCAR,4238,2º LEV,2,3.5,260.7,13.2,0.0,6465.0,6465.0,95.2
2019/20,UNICA,AM,CANA DE ACUCAR,4238,3º LEV,3,3.5,293.5,14.1,0.0,7824.0,7824.0,95.4
2019/20,UNICA,AM,CANA DE ACUCAR,4238,4º LEV,4,3.4,290.4,12.3,0.0,8816.0,8816.0,95.9
2019/20,UNICA,AM,CANA DE ACUCAR,4238,LEVANT,99,3.4,290.4,12.3,0.0,8816.0,8816.0,95.9
2019/20,UNICA,BA,CANA DE ACUCAR,4238,1º LEV,1,45.3,3545.3,104.3,68594.1,137547.7,206141.9,130.6
2019/20,UNICA,BA,CANA DE ACUCAR,4238,2º LEV,2,46.5,3855.3,126.9,59731.8,156619.6,216351.4,130.6
2019/20,UNICA,BA,CANA DE ACUCAR,4238,3º LEV,3,47.0,4072.5,120.0,81918.4,165901.6,247820.0,135.3
2019/20,UNICA,BA,CANA DE ACUCAR,4238,4º LEV,4,47.0,4105.0,118.6,83381.0,165640.0,249021.0,134.4
2019/20,UNICA,BA,CANA DE ACUCAR,4238,LEVANT,99,47.0,4105.0,118.6,83381.0,165640.0,249021.0,134.4
2019/20,UNICA,ES,CANA DE ACUCAR,4238,1º LEV,1,48.2,2962.1,137.0,101597.9,22153.8,123751.7,121.7
2019/20,UNICA,ES,CANA DE ACUCAR,4238,2º LEV,2,48.2,3020.0,143.1,110403.0,19223.0,129626.0,125.0
2019/20,UNICA,ES,CANA DE ACUCAR,4238,3º LEV,3,48.6,2914.3,136.0,107069.0,17392.0,124461.0,123.9
2019/20,UNICA,ES,CANA DE ACUCAR,4238,4º LEV,4,48.6,2883.9,137.6,105342.0,13576.0,118918.0,122.5
2019/20,UNICA,ES,CANA DE ACUCAR,4238,LEVANT,99,48.6,2883.9,137.6,105342.0,13576.0,118918.0,122.5
2019/20,UNICA,GO,CANA DE ACUCAR,4238,1º LEV,1,949.2,73015.9,1880.2,1075262.8,4053005.7,5128268.5,146.9
2019/20,UNICA,GO,CANA DE ACUCAR,4238,2º LEV,2,948.2,74552.0,1940.1,1199989.1,3906478.9,5106468.0,139.1
2019/20,UNICA,GO,CANA DE ACUCAR,4238,3º LEV,3,950.1,75883.3,1895.4,785518.2,4598425.1,5383943.4,140.4
2019/20,UNICA,GO,CANA DE ACUCAR,4238,4º LEV,4,943.3,75273.7,1781.8,775063.0,4769639.0,5544702.0,143.5
2019/20,UNICA,GO,CANA DE ACUCAR,4238,LEVANT,99,943.3,75273.7,1781.8,775063.0,4473964.0,5249027.0,143.5
2019/20,UNICA,MA,CANA DE ACUCAR,4238,1º LEV,1,38.0,2293.4,23.1,147590.6,19954.8,167545.4,138.9
2019/20,UNICA,MA,CANA DE ACUCAR,4238,2º LEV,2,34.0,2053.3,19.5,133890.5,16760.5,150651.1,138.9
2019/20,UNICA,MA,CANA DE ACUCAR,4238,3º LEV,3,34.0,2251.9,23.3,137325.0,25806.0,163131.0,137.9
2019/20,UNICA,MA,CANA DE ACUCAR,4238,4º LEV,4,34.1,2343.1,23.3,142248.0,25813.0,168061.0,136.2
2019/20,UNICA,MA,CANA DE ACUCAR,4238,LEVANT,99,34.1,2343.1,23.3,142248.0,25813.0,168061.0,136.2
2019/20,UNICA,MG,CANA DE ACUCAR,4238,1º LEV,1,837.9,64110.6,3311.6,990121.7,2110947.9,3101069.6,137.2
2019/20,UNICA,MG,CANA DE ACUCAR,4238,2º LEV,2,834.5,63851.2,3311.6,990121.7,2110947.9,3101069.6,137.7
2019/20,UNICA,MG,CANA DE ACUCAR,4238,3º LEV,3,824.3,68081.3,3205.9,1075133.5,2533320.7,3608454.2,140.2
2019/20,UNICA,MG,CANA DE ACUCAR,4238,4º LEV,4,820.5,68699.8,3192.7,1022456.0,2568537.0,3590993.0,138.3
2019/20,UNICA,MG,CANA DE ACUCAR,4238,LEVANT,99,820.5,68699.8,3192.7,1022456.0,2568537.0,3590993.0,138.3
2019/20,UNICA,MS,CANA DE ACUCAR,4238,1º LEV,1,653.2,49201.5,1086.7,628727.8,2528114.3,3156842.1,132.6
2019/20,UNICA,MS,CANA DE ACUCAR,4238,2º LEV,2,668.7,49951.1,865.1,526525.0,2759035.7,3285560.7,130.2
2019/20,UNICA,MS,CANA DE ACUCAR,4238,3º LEV,3,661.0,48604.2,803.9,685207.9,2754074.7,3439282.7,138.1
2019/20,UNICA,MS,CANA DE ACUCAR,4238,4º LEV,4,661.0,47515.0,730.7,672410.0,2668903.0,3341313.0,136.1
2019/20,UNICA,MS,CANA DE ACUCAR,4238,LEVANT,99,661.0,47515.0,730.7,672410.0,2668903.0,3341313.0,136.1
2019/20,UNICA,MT,CANA DE ACUCAR,4238,1º LEV,1,232.8,16796.8,311.4,605831.4,604018.5,1209850.0,143.9
2019/20,UNICA,MT,CANA DE ACUCAR,4238,2º LEV,2,224.8,17479.8,431.0,914496.7,1356444.3,2270941.0,147.3
2019/20,UNICA,MT,CANA DE ACUCAR,4238,3º LEV,3,229.8,17454.5,402.7,866253.3,1714345.7,2580599.0,148.1
2019/20,UNICA,MT,CANA DE ACUCAR,4238,4º LEV,4,215.6,17657.7,404.9,750075.0,1699600.0,2449675.0,138.6
2019/20,UNICA,MT,CANA DE ACUCAR,4238,LEVANT,99,215.6,17657.7,404.9,368075.0,812115.0,1180190.0,138.6
2019/20,UNICA,PA,CANA DE ACUCAR,4238,1º LEV,1,14.7,1058.9,52.0,42002.6,5465.1,47467.8,130.3
2019/20,UNICA,PA,CANA DE ACUCAR,4238,2º LEV,2,14.5,1131.1,52.0,42002.6,5465.1,47467.8,122.0
2019/20,UNICA,PA,CANA DE ACUCAR,4238,3º LEV,3,14.5,1131.1,58.2,38647.9,14956.0,53603.9,136.6
2019/20,UNICA,PA,CANA DE ACUCAR,4238,4º LEV,4,14.5,1195.0,55.6,42634.0,15667.0,58301.0,134.0
2019/20,UNICA,PA,CANA DE ACUCAR,4238,LEVANT,99,14.5,1195.0,55.6,42634.0,15667.0,58301.0,134.0
2019/20,UNICA,PB,CANA DE ACUCAR,4238,1º LEV,1,122.0,5984.2,150.5,172386.0,196939.3,369325.2,132.9
2019/20,UNICA,PB,CANA DE ACUCAR,4238,2º LEV,2,122.8,6025.9,150.5,172386.0,196939.3,369325.2,132.0
2019/20,UNICA,PB,CANA DE ACUCAR,4238,3º LEV,3,122.5,6719.6,125.0,193308.0,239455.0,432763.0,130.6
2019/20,UNICA,PB,CANA DE ACUCAR,4238,4º LEV,4,122.8,6736.2,141.1,204306.0,238440.0,442746.0,135.4
2019/20,UNICA,PB,CANA DE ACUCAR,4238,LEVANT,99,122.8,6736.2,141.1,204306.0,238440.0,442746.0,135.4
2019/20,UNICA,PE,CANA DE ACUCAR,4238,1º LEV,1,235.4,12170.0,793.0,103723.8,346739.1,450462.9,131.6
2019/20,UNICA,PE,CANA DE ACUCAR,4238,2º LEV,2,234.5,12122.4,793.0,103723.8,346739.1,450462.9,132.1
2019/20,UNICA,PE,CANA DE ACUCAR,4238,3º LEV,3,237.3,12869.8,831.4,106955.0,322378.0,429333.0,124.8
2019/20,UNICA,PE,CANA DE ACUCAR,4238,4º LEV,4,237.3,12519.6,860.4,113312.0,337418.0,450730.0,133.7
2019/20,UNICA,PE,CANA DE ACUCAR,4238,LEVANT,99,237.3,12519.6,860.4,113312.0,337418.0,450730.0,133.7
2019/20,UNICA,PI,CANA DE ACUCAR,4238,1º LEV,1,19.3,1167.4,83.7,19467.5,20000.5,39468.1,133.7
2019/20,UNICA,PI,CANA DE ACUCAR,4238,2º LEV,2,19.3,1167.4,83.7,19467.5,20000.5,39468.1,133.7
2019/20,UNICA,PI,CANA DE ACUCAR,4238,3º LEV,3,19.3,1240.4,76.9,18122.0,29449.4,47571.4,131.0
2019/20,UNICA,PI,CANA DE ACUCAR,4238,4º LEV,4,19.2,1249.0,84.0,16804.0,29653.0,46457.0,134.5
2019/20,UNICA,PI,CANA DE ACUCAR,4238,LEVANT,99,19.2,1249.0,84.0,16804.0,29653.0,46457.0,134.5
2019/20,UNICA,PR,CANA DE ACUCAR,4238,1º LEV,1,538.4,35290.8,2307.3,492479.8,950316.6,1442796.5,138.8
2019/20,UNICA,PR,CANA DE ACUCAR,4238,2º LEV,2,534.4,35370.4,2221.2,481781.5,1050000.3,1531781.8,137.5
2019/20,UNICA,PR,CANA DE ACUCAR,4238,3º LEV,3,537.1,34361.5,2033.4,558600.5,1082067.9,1640668.4,141.4
2019/20,UNICA,PR,CANA DE ACUCAR,4238,4º LEV,4,531.0,34352.6,2197.4,573195.0,1105280.0,1678475.0,148.3
2019/20,UNICA,PR,CANA DE ACUCAR,4238,LEVANT,99,531.0,34352.6,2197.4,564486.5,1059700.5,1624187.0,148.3
2019/20,UNICA,RJ,CANA DE ACUCAR,4238,1º LEV,1,32.7,1895.7,33.3,0.0,105139.7,105139.7,112.2
2019/20,UNICA,RJ,CANA DE ACUCAR,4238,2º LEV,2,31.7,1840.0,1.4,0.0,114652.6,114652.6,106.2
2019/20,UNICA,RJ,CANA DE ACUCAR,4238,3º LEV,3,30.6,850.0,5.0,0.0,58000.0,58000.0,121.6
2019/20,UNICA,RJ,CANA DE ACUCAR,4238,4º LEV,4,29.2,845.8,4.4,0.0,57374.0,57374.0,120.1
2019/20,UNICA,RJ,CANA DE ACUCAR,4238,LEVANT,99,29.2,845.8,4.4,0.0,57374.0,57374.0,120.1
2019/20,UNICA,RN,CANA DE ACUCAR,4238,1º LEV,1,53.7,2568.5,115.8,15964.0,96253.2,112217.2,121.7
2019/20,UNICA,RN,CANA DE ACUCAR,4238,2º LEV,2,53.8,2572.3,115.8,15964.0,96253.2,112217.2,121.5
2019/20,UNICA,RN,CANA DE ACUCAR,4238,3º LEV,3,55.2,2749.6,153.1,31099.0,81266.0,112365.0,128.4
2019/20,UNICA,RN,CANA DE ACUCAR,4238,4º LEV,4,55.2,2781.4,137.4,22863.0,101535.0,124398.0,128.1
2019/20,UNICA,RN,CANA DE ACUCAR,4238,LEVANT,99,55.2,2781.4,137.4,22863.0,101535.0,124398.0,128.1
2019/20,UNICA,RO,CANA DE ACUCAR,4238,1º LEV,1,1.3,52.1,0.0,0.0,2100.0,2100.0,68.2
2019/20,UNICA,RO,CANA DE ACUCAR,4238,2º LEV,2,1.3,52.1,0.0,0.0,7900.0,7900.0,68.2
2019/20,UNICA,RO,CANA DE ACUCAR,4238,LEVANT,99,0.0,0.0,0.0,0.0,0.0,0.0,0.0
2019/20,UNICA,RS,CANA DE ACUCAR,4238,1º LEV,1,0.9,42.5,0.0,0.0,3200.0,3200.0,127.3
2019/20,UNICA,RS,CANA DE ACUCAR,4238,2º LEV,2,0.9,42.5,0.0,0.0,3200.0,3200.0,127.3
2019/20,UNICA,RS,CANA DE ACUCAR,4238,3º LEV,3,0.7,32.3,0.0,0.0,1712.0,1712.0,89.6
2019/20,UNICA,RS,CANA DE ACUCAR,4238,4º LEV,4,0.7,31.0,0.0,0.0,1638.0,1638.0,89.5
2019/20,UNICA,RS,CANA DE ACUCAR,4238,LEVANT,99,0.7,31.0,0.0,0.0,1638.0,1638.0,89.5
2019/20,UNICA,SE,CANA DE ACUCAR,4238,1º LEV,1,39.9,2031.9,75.6,23799.8,84584.4,108384.2,130.1
2019/20,UNICA,SE,CANA DE ACUCAR,4238,2º LEV,2,36.7,1868.0,75.6,23799.8,84584.4,108384.2,141.5
2019/20,UNICA,SE,CANA DE ACUCAR,4238,3º LEV,3,37.9,2086.9,82.1,20490.0,91116.0,111606.0,132.5
2019/20,UNICA,SE,CANA DE ACUCAR,4238,4º LEV,4,36.7,1947.5,82.2,21997.0,89166.0,111163.0,141.6
2019/20,UNICA,SE,CANA DE ACUCAR,4238,LEVANT,99,36.7,1947.5,82.2,21997.0,89166.0,111163.0,141.6
2019/20,UNICA,SP,CANA DE ACUCAR,4238,1º LEV,1,4244.7,323416.4,20062.3,5790012.5,8103482.6,13893495.0,139.1
2019/20,UNICA,SP,CANA DE ACUCAR,4238,2º LEV,2,4213.7,325542.8,20062.3,5790012.5,8121133.6,13911146.0,138.2
2019/20,UNICA,SP,CANA DE ACUCAR,4238,3º LEV,3,4302.2,340871.6,18866.8,5670946.3,10753752.7,16424699.0,140.7
2019/20,UNICA,SP,CANA DE ACUCAR,4238,4º LEV,4,4302.2,342614.3,18437.2,5661866.0,10845085.0,16506951.0,139.1
2019/20,UNICA,SP,CANA DE ACUCAR,4238,LEVANT,99,4302.2,342614.3,18437.2,5661866.0,10827520.0,16489386.0,139.1
2019/20,UNICA,TO,CANA DE ACUCAR,4238,1º LEV,1,27.5,2122.5,0.0,102602.3,79080.9,181683.2,148.3
2019/20,UNICA,TO,CANA DE ACUCAR,4238,2º LEV,2,27.8,2144.8,0.0,83575.0,79475.0,163050.0,131.4
2019/20,UNICA,TO,CANA DE ACUCAR,4238,3º LEV,3,28.2,2219.5,0.0,83887.1,86939.7,170826.8,133.0
2019/20,UNICA,TO,CANA DE ACUCAR,4238,4º LEV,4,27.7,2237.2,0.0,81536.0,84834.0,166370.0,128.5
2019/20,UNICA,TO,CANA DE ACUCAR,4238,LEVANT,99,27.7,2237.2,0.0,81536.0,84834.0,166370.0,128.5
2020/21,UNICA,AL,CANA DE ACUCAR,4238,1º LEV,1,295.2,17598.7,1651.7,168120.7,163996.0,332116.6,131.1
2020/21,UNICA,AL,CANA DE ACUCAR,4238,2º LEV,2,300.8,18393.1,1817.2,182508.1,130360.9,312869.0,133.2
2020/21,UNICA,AL,CANA DE ACUCAR,4238,3º LEV,3,299.0,18134.6,1505.3,213447.0,223186.0,436633.0,128.7
2020/21,UNICA,AL,CANA DE ACUCAR,4238,4º LEV,4,285.0,17046.8,1415.6,189696.0,233069.0,422765.0,130.8
2020/21,UNICA,AL,CANA DE ACUCAR,4238,LEVANT,99,298.4,17003.0,1436.1,189696.0,233069.0,422765.0,131.5
2020/21,UNICA,AM,CANA DE ACUCAR,4238,1º LEV,1,3.7,315.7,12.6,0.0,10432.9,10432.9,97.7
2020/21,UNICA,AM,CANA DE ACUCAR,4238,2º LEV,2,3.7,315.9,7.4,0.0,13151.0,13151.0,95.0
2020/21,UNICA,AM,CANA DE ACUCAR,4238,3º LEV,3,3.7,290.4,11.5,0.0,9134.0,9134.0,94.8
2020/21,UNICA,AM,CANA DE ACUCAR,4238,4º LEV,4,3.7,303.3,22.2,0.0,9009.0,9009.0,95.4
2020/21,UNICA,AM,CANA DE ACUCAR,4238,LEVANT,99,3.7,281.5,10.9,0.0,9009.0,9009.0,94.9
2020/21,UNICA,BA,CANA DE ACUCAR,4238,1º LEV,1,51.8,4130.7,107.9,84919.0,177949.4,262868.4,136.6
2020/21,UNICA,BA,CANA DE ACUCAR,4238,2º LEV,2,51.0,4469.2,160.7,96325.3,160701.1,257026.3,136.6
2020/21,UNICA,BA,CANA DE ACUCAR,4238,3º LEV,3,50.3,4733.4,143.0,125000.0,165500.0,290500.0,137.5
2020/21,UNICA,BA,CANA DE ACUCAR,4238,4º LEV,4,57.0,5131.8,139.1,117022.0,156524.0,273546.0,135.3
2020/21,UNICA,BA,CANA DE ACUCAR,4238,LEVANT,99,50.4,4459.9,134.2,117022.0,156524.0,273546.0,137.2
2020/21,UNICA,ES,CANA DE ACUCAR,4238,1º LEV,1,48.7,2652.3,120.9,89961.1,26838.7,116799.8,124.8
2020/21,UNICA,ES,CANA DE ACUCAR,4238,2º LEV,2,49.0,2879.6,127.4,82299.4,42893.3,125192.7,122.1
2020/21,UNICA,ES,CANA DE ACUCAR,4238,3º LEV,3,46.8,2672.5,135.5,67020.5,41190.0,108210.5,123.5
2020/21,UNICA,ES,CANA DE ACUCAR,4238,4º LEV,4,46.5,2845.0,144.4,70903.0,40433.0,111336.0,122.1
2020/21,UNICA,ES,CANA DE ACUCAR,4238,LEVANT,99,46.9,2655.2,137.2,70903.0,40433.0,111336.0,127.1
2020/21,UNICA,GO,CANA DE ACUCAR,4238,1º LEV,1,964.3,75785.8,2404.4,980891.9,4350160.7,5331052.6,141.8
2020/21,UNICA,GO,CANA DE ACUCAR,4238,2º LEV,2,965.9,77343.1,2736.9,946920.9,4308801.0,5255721.8,141.8
2020/21,UNICA,GO,CANA DE ACUCAR,4238,3º LEV,3,974.4,75803.7,2537.2,870128.3,3790607.0,4660735.3,140.0
2020/21,UNICA,GO,CANA DE ACUCAR,4238,4º LEV,4,960.9,73362.6,2438.6,881689.0,3864977.0,4746666.0,142.6
2020/21,UNICA,GO,CANA DE ACUCAR,4238,LEVANT,99,971.6,74039.9,2319.1,881689.0,3864977.0,4746666.0,142.2
2020/21,UNICA,MA,CANA DE ACUCAR,4238,1º LEV,1,35.1,2119.6,27.4,118891.7,31291.4,150183.1,137.6
2020/21,UNICA,MA,CANA DE ACUCAR,4238,2º LEV,2,34.9,2522.1,32.0,159377.2,18955.4,178332.6,137.6
2020/21,UNICA,MA,CANA DE ACUCAR,4238,3º LEV,3,34.7,2640.9,16.7,165718.3,26686.0,192404.3,134.5
2020/21,UNICA,MA,CANA DE ACUCAR,4238,4º LEV,4,34.6,2250.1,27.0,162468.0,15726.0,178194.0,136.2
2020/21,UNICA,MA,CANA DE ACUCAR,4238,LEVANT,99,33.1,2427.4,15.0,162468.0,15726.0,178194.0,135.6
2020/21,UNICA,MG,CANA DE ACUCAR,4238,1º LEV,1,855.1,65704.7,4022.0,977204.5,1818332.2,2795536.7,137.3
2020/21,UNICA,MG,CANA DE ACUCAR,4238,2º LEV,2,862.4,72105.0,4719.4,887352.0,2050174.8,2937526.8,138.5
2020/21,UNICA,MG,CANA DE ACUCAR,4238,3º LEV,3,856.6,70320.8,4700.3,911558.1,2156919.4,3068477.5,144.9
2020/21,UNICA,MG,CANA DE ACUCAR,4238,4º LEV,4,868.7,71359.3,4513.9,911749.0,2159728.0,3071477.0,139.8
2020/21,UNICA,MG,CANA DE ACUCAR,4238,LEVANT,99,854.2,70565.8,4714.9,911749.0,2159728.0,3071477.0,144.7
2020/21,UNICA,MS,CANA DE ACUCAR,4238,1º LEV,1,618.0,46158.7,1057.3,547416.6,2395343.5,2942760.1,132.7
2020/21,UNICA,MS,CANA DE ACUCAR,4238,2º LEV,2,630.5,46302.2,1257.7,521867.1,2188745.1,2710612.1,128.3
2020/21,UNICA,MS,CANA DE ACUCAR,4238,3º LEV,3,638.5,47224.3,1792.9,667663.0,2165514.9,2833178.0,142.4
2020/21,UNICA,MS,CANA DE ACUCAR,4238,4º LEV,4,646.1,48628.5,1322.4,655169.0,2214263.0,2869432.0,132.5
2020/21,UNICA,MS,CANA DE ACUCAR,4238,LEVANT,99,637.2,48991.7,1847.5,655169.0,2214263.0,2869432.0,139.6
2020/21,UNICA,MT,CANA DE ACUCAR,4238,1º LEV,1,215.2,16969.0,496.1,987398.5,2147036.5,3134435.0,140.3
2020/21,UNICA,MT,CANA DE ACUCAR,4238,2º LEV,2,215.4,16993.9,408.1,1058135.8,2146603.9,3204739.7,141.6
2020/21,UNICA,MT,CANA DE ACUCAR,4238,3º LEV,3,214.6,16731.6,490.0,383133.0,702452.0,1085585.0,142.2
2020/21,UNICA,MT,CANA DE ACUCAR,4238,4º LEV,4,202.3,15558.4,409.0,383133.0,789738.2,1172871.2,146.2
2020/21,UNICA,MT,CANA DE ACUCAR,4238,LEVANT,99,214.6,16773.2,484.4,383133.0,789738.2,1172871.2,150.3
2020/21,UNICA,PA,CANA DE ACUCAR,4238,1º LEV,1,14.5,1051.5,62.8,35284.5,7750.7,43035.2,134.3
2020/21,UNICA,PA,CANA DE ACUCAR,4238,2º LEV,2,13.7,1082.8,64.8,34994.0,7870.0,42864.0,132.2
2020/21,UNICA,PA,CANA DE ACUCAR,4238,3º LEV,3,14.5,1094.8,56.9,39371.0,11165.0,50536.0,135.3
2020/21,UNICA,PA,CANA DE ACUCAR,4238,4º LEV,4,14.3,1141.6,62.8,38676.0,11724.0,50400.0,131.1
2020/21,UNICA,PA,CANA DE ACUCAR,4238,LEVANT,99,13.8,1036.4,50.9,38676.0,11724.0,50400.0,136.6
2020/21,UNICA,PB,CANA DE ACUCAR,4238,1º LEV,1,126.0,6188.6,129.7,195025.7,212421.7,407447.4,135.7
2020/21,UNICA,PB,CANA DE ACUCAR,4238,2º LEV,2,123.1,6772.6,147.1,220245.7,222248.6,442494.3,135.7
2020/21,UNICA,PB,CANA DE ACUCAR,4238,3º LEV,3,119.8,6726.5,131.1,215393.8,228685.0,444078.8,134.5
2020/21,UNICA,PB,CANA DE ACUCAR,4238,4º LEV,4,120.9,6502.9,133.9,180028.0,226054.0,406082.0,134.1
2020/21,UNICA,PB,CANA DE ACUCAR,4238,LEVANT,99,118.3,6242.1,143.8,180028.0,226054.0,406082.0,136.3
2020/21,UNICA,PE,CANA DE ACUCAR,4238,1º LEV,1,234.4,12114.5,1046.8,42530.6,254558.2,297088.9,132.4
2020/21,UNICA,PE,CANA DE ACUCAR,4238,2º LEV,2,231.1,12499.6,1057.5,39633.5,266496.8,306130.3,130.4
2020/21,UNICA,PE,CANA DE ACUCAR,4238,3º LEV,3,230.8,12314.3,912.8,113742.0,233750.0,347492.0,126.2
2020/21,UNICA,PE,CANA DE ACUCAR,4238,4º LEV,4,220.6,11970.2,928.4,103092.0,254787.0,357879.0,129.1
2020/21,UNICA,PE,CANA DE ACUCAR,4238,LEVANT,99,233.0,11827.4,872.9,103092.0,254787.0,357879.0,129.3
2020/21,UNICA,PI,CANA DE ACUCAR,4238,1º LEV,1,20.1,1278.4,112.2,9398.3,18635.9,28034.2,129.8
2020/21,UNICA,PI,CANA DE ACUCAR,4238,2º LEV,2,20.1,1299.7,83.1,17666.0,32808.0,50474.0,133.8
2020/21,UNICA,PI,CANA DE ACUCAR,4238,3º LEV,3,20.1,1177.3,81.7,28136.0,10475.0,38611.0,130.1
2020/21,UNICA,PI,CANA DE ACUCAR,4238,4º LEV,4,20.8,1246.1,85.5,28135.0,10473.0,38608.0,131.5
2020/21,UNICA,PI,CANA DE ACUCAR,4238,LEVANT,99,20.1,1177.3,81.7,28135.0,10473.0,38608.0,130.1
2020/21,UNICA,PR,CANA DE ACUCAR,4238,1º LEV,1,517.0,33277.3,2234.8,647770.3,893350.9,1541121.2,144.3
2020/21,UNICA,PR,CANA DE ACUCAR,4238,2º LEV,2,520.4,34170.5,2593.3,656199.3,769148.4,1425347.7,145.9
2020/21,UNICA,PR,CANA DE ACUCAR,4238,3º LEV,3,516.6,34446.0,2590.0,568172.8,705108.4,1273281.2,142.6
2020/21,UNICA,PR,CANA DE ACUCAR,4238,4º LEV,4,507.9,35027.0,2541.5,455264.0,717403.0,1172667.0,140.9
2020/21,UNICA,PR,CANA DE ACUCAR,4238,LEVANT,99,522.9,31961.6,2619.2,455264.0,717403.0,1172667.0,139.5
2020/21,UNICA,RJ,CANA DE ACUCAR,4238,1º LEV,1,29.2,1171.2,23.2,0.0,64482.8,64482.8,113.9
2020/21,UNICA,RJ,CANA DE ACUCAR,4238,2º LEV,2,32.7,1897.0,40.7,0.0,107703.7,107703.7,118.5
2020/21,UNICA,RJ,CANA DE ACUCAR,4238,3º LEV,3,32.3,1934.2,8.9,0.0,137300.0,137300.0,124.9
2020/21,UNICA,RJ,CANA DE ACUCAR,4238,4º LEV,4,32.4,1240.5,26.4,0.0,74305.0,74305.0,122.4
2020/21,UNICA,RJ,CANA DE ACUCAR,4238,LEVANT,99,32.7,1083.3,8.2,0.0,74305.0,74305.0,124.0
2020/21,UNICA,RN,CANA DE ACUCAR,4238,1º LEV,1,59.2,2845.1,181.9,32165.7,67888.8,100054.6,127.4
2020/21,UNICA,RN,CANA DE ACUCAR,4238,2º LEV,2,57.9,2983.0,191.8,15027.0,96413.0,111440.0,131.0
2020/21,UNICA,RN,CANA DE ACUCAR,4238,3º LEV,3,57.5,2952.1,175.8,36018.0,68420.0,104438.0,123.2
2020/21,UNICA,RN,CANA DE ACUCAR,4238,4º LEV,4,63.9,3125.7,187.1,31337.0,86270.0,117607.0,131.1
2020/21,UNICA,RN,CANA DE ACUCAR,4238,LEVANT,99,57.7,3067.8,173.6,31337.0,86270.0,117607.0,125.0
2020/21,UNICA,RS,CANA DE ACUCAR,4238,1º LEV,1,0.5,20.7,0.0,0.0,1135.2,1135.2,92.8
2020/21,UNICA,RS,CANA DE ACUCAR,4238,2º LEV,2,0.7,29.7,0.0,0.0,1628.8,1628.8,92.8
2020/21,UNICA,RS,CANA DE ACUCAR,4238,3º LEV,3,0.7,29.7,0.0,0.0,1628.8,1628.8,92.8
2020/21,UNICA,RS,CANA DE ACUCAR,4238,4º LEV,4,0.7,29.7,0.0,0.0,1628.8,1628.8,93.2
2020/21,UNICA,RS,CANA DE ACUCAR,4238,LEVANT,99,0.7,29.7,0.0,0.0,1628.8,1628.8,92.8
2020/21,UNICA,SE,CANA DE ACUCAR,4238,1º LEV,1,39.5,2081.8,113.2,8287.7,93402.5,101690.2,140.0
2020/21,UNICA,SE,CANA DE ACUCAR,4238,2º LEV,2,38.7,2202.6,118.3,9835.5,98671.8,108507.3,140.0
2020/21,UNICA,SE,CANA DE ACUCAR,4238,3º LEV,3,38.7,2202.6,165.5,21317.2,46206.1,67523.3,131.4
2020/21,UNICA,SE,CANA DE ACUCAR,4238,4º LEV,4,42.4,2459.3,121.2,21119.0,86627.0,107746.0,133.8
2020/21,UNICA,SE,CANA DE ACUCAR,4238,LEVANT,99,38.7,2243.6,117.6,21119.0,86627.0,107746.0,136.9
2020/21,UNICA,SP,CANA DE ACUCAR,4238,1º LEV,1,4250.6,337058.1,21489.8,4915235.7,9236098.3,14151333.9,138.9
2020/21,UNICA,SP,CANA DE ACUCAR,4238,2º LEV,2,4230.0,335554.5,23772.1,4129417.0,8653391.8,12782808.7,139.6
2020/21,UNICA,SP,CANA DE ACUCAR,4238,3º LEV,3,4427.0,361492.5,26389.3,5039492.2,9464415.2,14503907.4,145.5
2020/21,UNICA,SP,CANA DE ACUCAR,4238,4º LEV,4,4266.4,326749.6,24381.2,5005270.0,9382984.0,14388254.0,139.7
2020/21,UNICA,SP,CANA DE ACUCAR,4238,LEVANT,99,4444.2,354288.4,26087.1,5005270.0,9382984.0,14388254.0,147.0
2020/21,UNICA,TO,CANA DE ACUCAR,4238,1º LEV,1,28.4,2179.6,0.0,95707.8,74372.8,170080.5,135.2
2020/21,UNICA,TO,CANA DE ACUCAR,4238,2º LEV,2,27.9,2253.7,0.0,97874.8,82513.5,180388.3,138.6
2020/21,UNICA,TO,CANA DE ACUCAR,4238,3º LEV,3,28.3,2182.8,0.0,87062.0,89329.0,176391.0,139.6
2020/21,UNICA,TO,CANA DE ACUCAR,4238,4º LEV,4,27.7,2159.3,0.0,87062.0,88888.0,175950.0,137.2
2020/21,UNICA,TO,CANA DE ACUCAR,4238,LEVANT,99,28.2,2171.0,0.0,87062.0,88888.0,175950.0,140.0
2021/22,UNICA,AL,CANA DE ACUCAR,4238,1º LEV,1,285.0,17046.8,1415.6,207306.1,223620.6,430926.7,130.8
2021/22,UNICA,AL,CANA DE ACUCAR,4238,2º LEV,2,285.3,18010.6,1440.0,207625.0,206525.0,414150.0,123.7
2021/22,UNICA,AL,CANA DE ACUCAR,4238,3º LEV,3,274.9,17485.7,1868.6,109389.5,83755.5,193145.0,131.3
2021/22,UNICA,AL,CANA DE ACUCAR,4238,4º LEV,4,307.7,19199.9,1376.6,197147.0,233385.0,430532.0,113.9
2021/22,UNICA,AM,CANA DE ACUCAR,4238,1º LEV,1,3.7,303.3,22.2,0.0,3366.5,3366.5,95.4
2021/22,UNICA,AM,CANA DE ACUCAR,4238,2º LEV,2,3.7,301.4,16.8,0.0,5939.0,5939.0,91.9
2021/22,UNICA,AM,CANA DE ACUCAR,4238,3º LEV,3,3.8,301.4,15.1,0.0,7201.0,7201.0,92.9
2021/22,UNICA,AM,CANA DE ACUCAR,4238,4º LEV,4,3.7,306.3,14.7,0.0,7697.0,7697.0,92.7
2021/22,UNICA,BA,CANA DE ACUCAR,4238,1º LEV,1,57.0,5131.8,139.1,97034.1,222898.4,319932.5,135.3
2021/22,UNICA,BA,CANA DE ACUCAR,4238,2º LEV,2,57.3,4801.7,143.0,116320.0,188773.0,305093.0,140.5
2021/22,UNICA,BA,CANA DE ACUCAR,4238,3º LEV,3,57.1,4640.3,120.0,119369.9,194412.3,313782.2,143.4
2021/22,UNICA,BA,CANA DE ACUCAR,4238,4º LEV,4,57.0,4654.1,129.6,121002.0,192890.0,313892.0,145.2
2021/22,UNICA,ES,CANA DE ACUCAR,4238,1º LEV,1,46.5,2845.0,144.4,98144.9,13254.7,111399.6,122.1
2021/22,UNICA,ES,CANA DE ACUCAR,4238,2º LEV,2,46.5,2830.5,148.0,100561.0,13581.0,114142.0,125.7
2021/22,UNICA,ES,CANA DE ACUCAR,4238,3º LEV,3,46.5,2653.9,129.6,82179.0,28984.1,111163.1,124.4
2021/22,UNICA,ES,CANA DE ACUCAR,4238,4º LEV,4,46.5,2653.9,129.6,82179.0,31385.0,113564.0,125.9
2021/22,UNICA,GO,CANA DE ACUCAR,4238,1º LEV,1,960.9,73362.6,2438.6,1050874.7,3575226.4,4626101.1,142.6
2021/22,UNICA,GO,CANA DE ACUCAR,4238,2º LEV,2,967.7,74252.5,2469.3,1126780.0,3567073.0,4693853.0,142.9
2021/22,UNICA,GO,CANA DE ACUCAR,4238,3º LEV,3,957.0,71726.5,2332.1,1189968.0,3488636.0,4678604.0,145.7
2021/22,UNICA,GO,CANA DE ACUCAR,4238,4º LEV,4,962.9,71898.3,2297.5,1206631.0,3590325.0,4796956.0,147.6
2021/22,UNICA,MA,CANA DE ACUCAR,4238,1º LEV,1,34.6,2250.1,27.0,144965.5,13116.4,158081.9,136.2
2021/22,UNICA,MA,CANA DE ACUCAR,4238,2º LEV,2,28.8,2301.0,20.1,151356.0,9650.0,161006.0,132.4
2021/22,UNICA,MA,CANA DE ACUCAR,4238,3º LEV,3,28.6,2235.1,31.0,146844.4,10465.6,157310.0,138.4
2021/22,UNICA,MA,CANA DE ACUCAR,4238,4º LEV,4,28.6,2266.9,28.8,154101.0,9724.0,163825.0,140.6
2021/22,UNICA,MG,CANA DE ACUCAR,4238,1º LEV,1,868.7,71359.3,4513.9,1091475.8,1956422.8,3047898.6,139.8
2021/22,UNICA,MG,CANA DE ACUCAR,4238,2º LEV,2,849.1,67885.0,4343.7,1009944.8,1810282.2,2820227.0,138.5
2021/22,UNICA,MG,CANA DE ACUCAR,4238,3º LEV,3,871.3,64825.1,4082.2,1074624.4,1658235.9,2732860.2,138.6
2021/22,UNICA,MG,CANA DE ACUCAR,4238,4º LEV,4,846.5,63947.7,4145.2,1217235.0,1712721.0,2929956.0,146.9
2021/22,UNICA,MS,CANA DE ACUCAR,4238,1º LEV,1,646.1,48628.5,1322.4,577494.0,2387762.6,2965256.7,132.5
2021/22,UNICA,MS,CANA DE ACUCAR,4238,2º LEV,2,653.7,45848.0,1433.4,450259.7,2238353.8,2688613.4,132.7
2021/22,UNICA,MS,CANA DE ACUCAR,4238,3º LEV,3,653.7,45419.5,1490.0,781073.6,1813668.3,2594741.8,132.3
2021/22,UNICA,MS,CANA DE ACUCAR,4238,4º LEV,4,648.6,44180.3,1373.8,745093.0,1804472.0,2549565.0,131.5
2021/22,UNICA,MT,CANA DE ACUCAR,4238,1º LEV,1,202.3,15558.4,409.0,403570.3,670362.4,1073932.7,146.2
2021/22,UNICA,MT,CANA DE ACUCAR,4238,2º LEV,2,201.5,15268.5,417.3,407488.0,639192.0,1046680.0,146.6
2021/22,UNICA,MT,CANA DE ACUCAR,4238,3º LEV,3,197.6,15083.7,499.7,331122.6,536416.1,867538.7,133.7
2021/22,UNICA,MT,CANA DE ACUCAR,4238,4º LEV,4,195.2,15291.8,471.8,384239.0,627903.0,1012142.0,146.2
2021/22,UNICA,PA,CANA DE ACUCAR,4238,1º LEV,1,14.3,1141.6,62.8,35618.5,12390.9,48009.4,131.1
2021/22,UNICA,PA,CANA DE ACUCAR,4238,2º LEV,2,14.3,1278.7,66.5,43522.0,13963.0,57485.0,133.1
2021/22,UNICA,PA,CANA DE ACUCAR,4238,3º LEV,3,14.1,1239.8,66.5,43522.0,13963.0,57485.0,137.3
2021/22,UNICA,PA,CANA DE ACUCAR,4238,4º LEV,4,14.1,1239.8,66.5,43522.0,13963.0,57485.0,137.3
2021/22,UNICA,PB,CANA DE ACUCAR,4238,1º LEV,1,120.9,6502.9,133.9,242381.0,179674.0,422055.1,134.1
2021/22,UNICA,PB,CANA DE ACUCAR,4238,2º LEV,2,117.1,6206.8,92.0,227862.2,183121.8,410984.0,130.3
2021/22,UNICA,PB,CANA DE ACUCAR,4238,3º LEV,3,116.4,6117.0,125.0,227462.0,127775.0,355237.0,122.4
2021/22,UNICA,PB,CANA DE ACUCAR,4238,4º LEV,4,117.2,6081.3,132.5,242541.0,134293.0,376834.0,130.6
2021/22,UNICA,PE,CANA DE ACUCAR,4238,1º LEV,1,220.6,11970.2,928.4,128595.7,203121.2,331716.9,129.1
2021/22,UNICA,PE,CANA DE ACUCAR,4238,2º LEV,2,222.3,11806.1,844.9,130923.0,219738.0,350661.0,126.2
2021/22,UNICA,PE,CANA DE ACUCAR,4238,3º LEV,3,134.0,6913.6,574.0,47940.0,80258.0,128198.0,119.0
2021/22,UNICA,PE,CANA DE ACUCAR,4238,4º LEV,4,217.4,12647.7,798.8,134084.0,236208.0,370292.0,116.6
2021/22,UNICA,PI,CANA DE ACUCAR,4238,1º LEV,1,20.8,1246.1,85.5,33894.5,8477.6,42372.1,131.5
2021/22,UNICA,PI,CANA DE ACUCAR,4238,2º LEV,2,20.8,1265.1,88.8,35216.0,8804.0,44020.0,134.6
2021/22,UNICA,PI,CANA DE ACUCAR,4238,3º LEV,3,20.8,1418.8,99.5,28481.3,15043.2,43524.5,127.0
2021/22,UNICA,PI,CANA DE ACUCAR,4238,4º LEV,4,20.8,1468.8,100.6,35216.0,17487.0,52703.0,134.4
2021/22,UNICA,PR,CANA DE ACUCAR,4238,1º LEV,1,507.9,35027.0,2541.5,578792.3,736461.6,1315253.9,140.9
2021/22,UNICA,PR,CANA DE ACUCAR,4238,2º LEV,2,519.8,31860.8,2328.8,533659.0,631533.0,1165192.0,139.8
2021/22,UNICA,PR,CANA DE ACUCAR,4238,3º LEV,3,521.4,31930.5,2316.7,447133.4,561010.3,1008143.6,130.6
2021/22,UNICA,PR,CANA DE ACUCAR,4238,4º LEV,4,522.9,31961.6,2326.8,556241.6,592838.6,1149080.2,138.5
2021/22,UNICA,RJ,CANA DE ACUCAR,4238,1º LEV,1,32.4,1240.5,26.4,0.0,73417.6,73417.6,122.4
2021/22,UNICA,RJ,CANA DE ACUCAR,4238,2º LEV,2,32.5,2101.4,24.6,0.0,147394.0,147394.0,130.9
2021/22,UNICA,RJ,CANA DE ACUCAR,4238,3º LEV,3,33.8,1804.8,12.0,0.0,123400.0,123400.0,122.6
2021/22,UNICA,RJ,CANA DE ACUCAR,4238,4º LEV,4,33.7,1833.4,11.1,0.0,125587.0,125587.0,122.2
2021/22,UNICA,RN,CANA DE ACUCAR,4238,1º LEV,1,63.9,3125.7,187.1,31493.3,93366.0,124859.3,131.1
2021/22,UNICA,RN,CANA DE ACUCAR,4238,2º LEV,2,58.9,2673.0,174.5,29130.0,78160.0,107290.0,137.2
2021/22,UNICA,RN,CANA DE ACUCAR,4238,3º LEV,3,57.8,2579.6,173.9,31490.0,68663.0,100153.0,137.3
2021/22,UNICA,RN,CANA DE ACUCAR,4238,4º LEV,4,57.5,2538.4,141.9,27336.0,58262.0,85598.0,116.5
2021/22,UNICA,RS,CANA DE ACUCAR,4238,1º LEV,1,0.7,29.7,0.0,0.0,1635.5,1635.5,93.2
2021/22,UNICA,RS,CANA DE ACUCAR,4238,2º LEV,2,0.7,29.7,0.0,0.0,1635.5,1635.5,93.2
2021/22,UNICA,SE,CANA DE ACUCAR,4238,1º LEV,1,42.4,2459.3,121.2,21986.5,96380.7,118367.2,133.8
2021/22,UNICA,SE,CANA DE ACUCAR,4238,2º LEV,2,42.8,2439.8,116.7,21166.0,92784.0,113950.0,129.8
2021/22,UNICA,SE,CANA DE ACUCAR,4238,3º LEV,3,44.2,2357.4,118.0,21047.0,85962.0,107009.0,130.0
2021/22,UNICA,SE,CANA DE ACUCAR,4238,4º LEV,4,41.2,2205.1,97.4,19177.0,87672.0,106849.0,128.9
2021/22,UNICA,SP,CANA DE ACUCAR,4238,1º LEV,1,4266.4,326749.6,24381.2,5189543.6,6451503.9,11641047.4,139.7
2021/22,UNICA,SP,CANA DE ACUCAR,4238,2º LEV,2,4093.1,298701.0,22735.9,5175634.9,5860044.6,11035679.5,143.6
2021/22,UNICA,SP,CANA DE ACUCAR,4238,3º LEV,3,4204.2,287438.7,19874.6,4931853.8,6114524.7,11046378.5,138.8
2021/22,UNICA,SP,CANA DE ACUCAR,4238,4º LEV,4,4168.7,298494.8,21405.9,5347976.0,6595760.0,11943736.0,144.3
2021/22,UNICA,TO,CANA DE ACUCAR,4238,1º LEV,1,27.7,2159.3,0.0,85177.5,86266.8,171444.4,137.2
2021/22,UNICA,TO,CANA DE ACUCAR,4238,2º LEV,2,27.4,2169.8,0.0,76215.0,100641.0,176856.0,140.4
2021/22,UNICA,TO,CANA DE ACUCAR,4238,3º LEV,3,27.4,2258.8,0.0,80861.6,94706.0,175567.6,134.1
2021/22,UNICA,TO,CANA DE ACUCAR,4238,4º LEV,4,27.2,2309.4,0.0,90846.0,107691.0,198537.0,148.3
2022/23,UNICA,AL,CANA DE ACUCAR,4238,1º LEV,1,312.6,19529.1,1789.7,178028.5,111196.6,289225.1,121.9
2022/23,UNICA,AL,CANA DE ACUCAR,4238,2º LEV,2,305.9,19105.5,1470.1,239777.2,211776.6,451553.8,128.0
2022/23,UNICA,AL,CANA DE ACUCAR,4238,3º LEV,3,310.7,19555.7,1516.9,241941.2,221560.6,463501.8,128.0
2022/23,UNICA,AL,CANA DE ACUCAR,4238,4º LEV,4,304.3,19841.1,1730.9,220924.0,218254.0,439178.0,123.5
2022/23,UNICA,AM,CANA DE ACUCAR,4238,1º LEV,1,3.9,322.0,21.3,0.0,4913.2,4913.2,95.3
2022/23,UNICA,AM,CANA DE ACUCAR,4238,2º LEV,2,3.9,307.2,14.8,0.0,7263.0,7263.0,105.0
2022/23,UNICA,AM,CANA DE ACUCAR,4238,3º LEV,3,3.9,217.7,12.1,0.0,4585.0,4585.0,107.0
2022/23,UNICA,AM,CANA DE ACUCAR,4238,4º LEV,4,3.8,218.0,12.1,0.0,5586.0,5586.0,107.0
2022/23,UNICA,BA,CANA DE ACUCAR,4238,1º LEV,1,61.0,5037.2,124.4,141757.8,194238.6,335996.4,140.8
2022/23,UNICA,BA,CANA DE ACUCAR,4238,2º LEV,2,61.0,5191.8,125.0,133421.5,226580.7,360002.2,138.3
2022/23,UNICA,BA,CANA DE ACUCAR,4238,3º LEV,3,58.8,5085.2,101.2,132192.7,221399.0,353591.7,135.6
2022/23,UNICA,BA,CANA DE ACUCAR,4238,4º LEV,4,57.0,4657.7,87.5,132348.0,192318.0,324666.0,134.4
2022/23,UNICA,ES,CANA DE ACUCAR,4238,1º LEV,1,47.5,3125.2,186.2,95987.4,14159.8,110147.2,124.4
2022/23,UNICA,ES,CANA DE ACUCAR,4238,2º LEV,2,48.7,2939.0,146.2,97900.0,15028.0,112928.0,115.0
2022/23,UNICA,ES,CANA DE ACUCAR,4238,3º LEV,3,47.5,2759.7,133.4,87732.0,40201.0,127933.0,123.7
2022/23,UNICA,ES,CANA DE ACUCAR,4238,4º LEV,4,47.5,2759.7,127.8,88859.0,87311.0,176170.0,123.7
2022/23,UNICA,GO,CANA DE ACUCAR,4238,1º LEV,1,951.3,74538.9,2798.4,937819.1,3728107.2,4665926.2,146.2
2022/23,UNICA,GO,CANA DE ACUCAR,4238,2º LEV,2,953.2,72500.3,2260.2,1295938.9,3437271.7,4733210.7,136.8
2022/23,UNICA,GO,CANA DE ACUCAR,4238,3º LEV,3,952.2,71104.5,2251.1,1261685.0,3658535.0,4920220.0,133.1
2022/23,UNICA,GO,CANA DE ACUCAR,4238,4º LEV,4,956.8,71035.4,2163.1,1277747.2,3279386.5,4557133.7,136.0
2022/23,UNICA,MA,CANA DE ACUCAR,4238,1º LEV,1,35.2,2569.4,58.7,156694.4,14426.1,171120.5,141.1
2022/23,UNICA,MA,CANA DE ACUCAR,4238,2º LEV,2,31.4,2529.4,23.7,162188.0,13402.0,175590.0,133.8
2022/23,UNICA,MA,CANA DE ACUCAR,4238,3º LEV,3,31.1,2253.4,34.7,146096.0,12857.0,158953.0,134.8
2022/23,UNICA,MA,CANA DE ACUCAR,4238,4º LEV,4,28.3,2158.1,26.1,146111.0,12857.0,158968.0,136.1
2022/23,UNICA,MG,CANA DE ACUCAR,4238,1º LEV,1,843.1,67034.0,5465.9,987899.7,1435208.3,2423108.0,147.8
2022/23,UNICA,MG,CANA DE ACUCAR,4238,2º LEV,2,863.4,67472.1,4145.9,1177281.4,1644854.5,2822135.9,131.6
2022/23,UNICA,MG,CANA DE ACUCAR,4238,3º LEV,3,877.2,68412.4,4622.0,1297162.2,1624345.0,2921507.2,137.7
2022/23,UNICA,MG,CANA DE ACUCAR,4238,4º LEV,4,896.4,70537.9,4501.9,1201283.2,1438226.9,2639510.1,138.7
2022/23,UNICA,MS,CANA DE ACUCAR,4238,1º LEV,1,638.9,45405.3,1175.2,783596.6,2010145.6,2793742.2,132.5
2022/23,UNICA,MS,CANA DE ACUCAR,4238,2º LEV,2,630.0,42066.6,1165.8,713611.0,2033578.6,2747189.5,126.7
2022/23,UNICA,MS,CANA DE ACUCAR,4238,3º LEV,3,629.9,42472.5,1304.6,809514.0,1631864.0,2441378.0,133.0
2022/23,UNICA,MS,CANA DE ACUCAR,4238,4º LEV,4,636.0,44627.1,1500.3,1312029.0,2055565.0,3367594.0,131.3
2022/23,UNICA,MT,CANA DE ACUCAR,4238,1º LEV,1,197.0,15587.0,536.2,362132.4,633014.2,995146.6,145.8
2022/23,UNICA,MT,CANA DE ACUCAR,4238,2º LEV,2,200.7,15406.6,486.2,386677.0,680599.0,1067276.0,125.6
2022/23,UNICA,MT,CANA DE ACUCAR,4238,3º LEV,3,199.6,15549.1,495.0,384276.0,618828.0,1003104.0,135.8
2022/23,UNICA,MT,CANA DE ACUCAR,4238,4º LEV,4,174.7,15876.6,501.6,394507.0,749076.0,1143583.0,134.1
2022/23,UNICA,PA,CANA DE ACUCAR,4238,1º LEV,1,15.6,1342.0,95.2,40744.5,11993.5,52738.0,143.1
2022/23,UNICA,PA,CANA DE ACUCAR,4238,2º LEV,2,15.6,1473.1,82.2,43815.0,13438.0,57253.0,130.0
2022/23,UNICA,PA,CANA DE ACUCAR,4238,3º LEV,3,15.5,1227.1,60.2,40300.0,12672.0,52972.0,130.0
2022/23,UNICA,PA,CANA DE ACUCAR,4238,4º LEV,4,15.5,1227.0,60.3,40103.0,12324.0,52427.0,130.0
2022/23,UNICA,PB,CANA DE ACUCAR,4238,1º LEV,1,111.4,5997.2,132.7,243016.8,134574.3,377591.1,132.7
2022/23,UNICA,PB,CANA DE ACUCAR,4238,2º LEV,2,119.9,6816.4,125.0,232401.0,188926.0,421327.0,130.6
2022/23,UNICA,PB,CANA DE ACUCAR,4238,3º LEV,3,117.6,6946.4,125.0,249229.0,133507.0,382736.0,130.6
2022/23,UNICA,PB,CANA DE ACUCAR,4238,4º LEV,4,117.6,7302.4,169.2,284221.0,168229.0,452450.0,129.8
2022/23,UNICA,PE,CANA DE ACUCAR,4238,1º LEV,1,226.1,12962.7,1126.6,64387.4,144227.5,208614.9,118.8
2022/23,UNICA,PE,CANA DE ACUCAR,4238,2º LEV,2,228.2,13565.3,932.7,132507.0,260823.0,393330.0,127.3
2022/23,UNICA,PE,CANA DE ACUCAR,4238,3º LEV,3,233.9,14055.1,986.3,165713.0,226282.0,391995.0,129.6
2022/23,UNICA,PE,CANA DE ACUCAR,4238,4º LEV,4,237.4,14605.0,982.7,215017.9,183269.2,398287.1,129.6
2022/23,UNICA,PI,CANA DE ACUCAR,4238,1º LEV,1,20.4,1431.5,146.6,14056.5,5984.1,20040.6,131.9
2022/23,UNICA,PI,CANA DE ACUCAR,4238,2º LEV,2,20.4,1391.0,99.0,30000.0,12235.0,42235.0,130.0
2022/23,UNICA,PI,CANA DE ACUCAR,4238,3º LEV,3,21.3,1448.0,99.0,30000.0,14593.0,44593.0,127.0
2022/23,UNICA,PI,CANA DE ACUCAR,4238,4º LEV,4,21.2,1459.0,101.0,27915.0,17116.0,45031.0,126.3
2022/23,UNICA,PR,CANA DE ACUCAR,4238,1º LEV,1,491.5,29790.3,2126.5,515517.7,580185.5,1095703.2,138.4
2022/23,UNICA,PR,CANA DE ACUCAR,4238,2º LEV,2,493.6,29029.2,1490.9,545039.1,520694.7,1065733.8,131.3
2022/23,UNICA,PR,CANA DE ACUCAR,4238,3º LEV,3,496.0,29546.0,2067.5,533274.0,563659.0,1096933.0,131.5
2022/23,UNICA,PR,CANA DE ACUCAR,4238,4º LEV,4,475.4,30953.1,2218.8,596509.0,495298.0,1091807.0,129.2
2022/23,UNICA,RJ,CANA DE ACUCAR,4238,1º LEV,1,35.8,2196.5,22.4,0.0,145560.6,145560.6,122.8
2022/23,UNICA,RJ,CANA DE ACUCAR,4238,2º LEV,2,57.2,1711.7,15.0,0.0,130798.0,130798.0,116.8
2022/23,UNICA,RJ,CANA DE ACUCAR,4238,3º LEV,3,35.5,1578.6,28.7,0.0,109622.0,109622.0,128.1
2022/23,UNICA,RJ,CANA DE ACUCAR,4238,4º LEV,4,35.5,1578.2,28.7,0.0,109622.0,109622.0,128.1
2022/23,UNICA,RN,CANA DE ACUCAR,4238,1º LEV,1,57.5,2821.1,196.3,24993.3,50777.3,75770.6,119.1
2022/23,UNICA,RN,CANA DE ACUCAR,4238,2º LEV,2,57.9,2972.4,185.9,27135.0,80502.0,107637.0,132.7
2022/23,UNICA,RN,CANA DE ACUCAR,4238,3º LEV,3,59.5,3124.6,186.3,36151.0,63699.0,99850.0,132.5
2022/23,UNICA,RN,CANA DE ACUCAR,4238,4º LEV,4,66.1,3662.3,206.9,45777.5,81799.0,127576.5,127.6
2022/23,UNICA,SE,CANA DE ACUCAR,4238,1º LEV,1,43.1,2580.9,155.8,8699.3,92453.7,101153.0,129.9
2022/23,UNICA,SE,CANA DE ACUCAR,4238,2º LEV,2,43.4,2534.7,115.9,20478.0,100925.0,121403.0,126.3
2022/23,UNICA,SE,CANA DE ACUCAR,4238,3º LEV,3,41.2,2356.3,129.8,17024.0,81330.0,98354.0,127.5
2022/23,UNICA,SE,CANA DE ACUCAR,4238,4º LEV,4,39.6,2375.2,129.8,17024.0,85477.0,102501.0,123.2
2022/23,UNICA,SP,CANA DE ACUCAR,4238,1º LEV,1,4089.5,301377.1,24124.2,4748996.2,5993084.9,10742081.1,145.5
2022/23,UNICA,SP,CANA DE ACUCAR,4238,2º LEV,2,3986.4,283406.8,21008.9,5096249.4,5710663.9,10806913.4,135.2
2022/23,UNICA,SP,CANA DE ACUCAR,4238,3º LEV,3,4147.6,308146.8,22218.9,5507287.0,6205550.0,11712837.0,133.6
2022/23,UNICA,SP,CANA DE ACUCAR,4238,4º LEV,4,4147.6,312879.5,22487.6,5553618.0,6415042.0,11968660.0,133.6
2022/23,UNICA,TO,CANA DE ACUCAR,4238,1º LEV,1,28.1,2418.8,0.0,125919.7,77246.0,203165.7,145.9
2022/23,UNICA,TO,CANA DE ACUCAR,4238,2º LEV,2,28.3,2455.8,0.0,81590.0,122471.0,204061.0,130.7
2022/23,UNICA,TO,CANA DE ACUCAR,4238,3º LEV,3,28.4,2506.3,0.0,93173.0,118241.0,211414.0,131.0
2022/23,UNICA,TO,CANA DE ACUCAR,4238,4º LEV,4,27.9,2378.0,0.0,93175.0,111963.0,205138.0,131.0
2023/24,UNICA,AL,CANA DE ACUCAR,4238,1º LEV,1,315.5,20411.3,1765.0,244343.0,171924.0,416267.0,125.6
2023/24,UNICA,AL,CANA DE ACUCAR,4238,2º LEV,2,309.6,20620.4,1639.4,284975.0,200969.0,485944.0,126.6
2023/24,UNICA,AL,CANA DE ACUCAR,4238,3º LEV,3,314.1,20743.6,1571.4,256501.0,188110.0,444611.0,124.8
2023/24,UNICA,AL,CANA DE ACUCAR,4238,4º LEV,4,298.7,19675.8,1495.3,271869.4,204151.0,476020.4,127.1
2023/24,UNICA,AM,CANA DE ACUCAR,4238,1º LEV,1,3.9,276.0,14.9,0.0,6495.0,6495.0,105.6
2023/24,UNICA,AM,CANA DE ACUCAR,4238,2º LEV,2,3.9,276.0,14.9,0.0,6495.0,6495.0,105.6
2023/24,UNICA,AM,CANA DE ACUCAR,4238,3º LEV,3,3.9,304.0,20.2,0.0,7000.0,7000.0,120.6
2023/24,UNICA,AM,CANA DE ACUCAR,4238,4º LEV,4,3.9,304.0,20.4,0.0,7805.0,7805.0,122.5
2023/24,UNICA,BA,CANA DE ACUCAR,4238,1º LEV,1,65.9,5441.8,150.0,173660.0,231881.0,405541.0,136.8
2023/24,UNICA,BA,CANA DE ACUCAR,4238,2º LEV,2,65.8,5891.8,150.0,173660.0,231881.0,405541.0,136.8
2023/24,UNICA,BA,CANA DE ACUCAR,4238,3º LEV,3,70.2,6264.7,150.0,181059.0,236787.0,417846.0,135.4
2023/24,UNICA,BA,CANA DE ACUCAR,4238,4º LEV,4,65.7,5950.5,131.2,175243.9,220506.4,395750.3,134.7
2023/24,UNICA,ES,CANA DE ACUCAR,4238,1º LEV,1,49.6,3002.3,153.1,85466.0,32488.0,117954.0,124.5
2023/24,UNICA,ES,CANA DE ACUCAR,4238,2º LEV,2,49.3,2828.8,153.1,85466.0,32488.0,117954.0,122.4
2023/24,UNICA,ES,CANA DE ACUCAR,4238,3º LEV,3,48.7,2798.8,150.6,106991.0,8239.0,115230.0,121.9
2023/24,UNICA,ES,CANA DE ACUCAR,4238,4º LEV,4,48.7,2815.6,150.6,106991.0,8239.0,115230.0,121.9
2023/24,UNICA,GO,CANA DE ACUCAR,4238,1º LEV,1,937.2,72684.8,2558.9,1158822.0,3288526.0,4447348.0,135.7
2023/24,UNICA,GO,CANA DE ACUCAR,4238,2º LEV,2,960.0,75672.5,2626.5,1200841.0,3571461.0,4772302.0,134.8
2023/24,UNICA,GO,CANA DE ACUCAR,4238,3º LEV,3,956.5,76153.9,2579.9,1259600.0,3561278.0,4820878.0,136.8
2023/24,UNICA,GO,CANA DE ACUCAR,4238,4º LEV,4,954.8,76600.6,2719.2,1243421.7,3506169.9,4749591.6,137.3
2023/24,UNICA,MA,CANA DE ACUCAR,4238,1º LEV,1,29.9,2304.3,28.4,156031.0,10321.0,166352.0,136.6
2023/24,UNICA,MA,CANA DE ACUCAR,4238,2º LEV,2,29.1,2295.2,25.8,158968.0,12568.0,171536.0,136.6
2023/24,UNICA,MA,CANA DE ACUCAR,4238,3º LEV,3,29.3,2078.2,19.5,136583.2,24104.6,160687.8,134.1
2023/24,UNICA,MA,CANA DE ACUCAR,4238,4º LEV,4,29.3,2078.2,19.5,136583.2,24104.6,160687.8,134.1
2023/24,UNICA,MG,CANA DE ACUCAR,4238,1º LEV,1,955.9,78114.9,4758.6,1254877.6,1690132.4,2945010.0,136.1
2023/24,UNICA,MG,CANA DE ACUCAR,4238,2º LEV,2,949.1,79499.1,5109.2,1361931.9,1660378.8,3022310.7,136.7
2023/24,UNICA,MG,CANA DE ACUCAR,4238,3º LEV,3,944.9,80157.1,5289.6,1352539.0,1697677.9,3050216.9,137.0
2023/24,UNICA,MG,CANA DE ACUCAR,4238,4º LEV,4,929.2,81376.5,5481.6,1359436.5,1946597.0,3306033.5,137.2
2023/24,UNICA,MS,CANA DE ACUCAR,4238,1º LEV,1,648.1,48744.6,1421.4,1123599.0,1833030.4,2956629.4,132.4
2023/24,UNICA,MS,CANA DE ACUCAR,4238,2º LEV,2,639.0,50108.7,1786.3,1020286.9,1892307.8,2912594.7,131.1
2023/24,UNICA,MS,CANA DE ACUCAR,4238,3º LEV,3,637.3,50466.4,2097.4,893390.4,2043111.7,2936502.1,132.7
2023/24,UNICA,MS,CANA DE ACUCAR,4238,4º LEV,4,629.9,50771.7,2209.5,847747.4,2027989.0,2875736.4,133.6
2023/24,UNICA,MT,CANA DE ACUCAR,4238,1º LEV,1,200.6,19503.8,534.0,387651.3,660722.0,1048373.3,132.7
2023/24,UNICA,MT,CANA DE ACUCAR,4238,2º LEV,2,194.2,16959.2,536.3,381195.0,691089.1,1072284.1,135.7
2023/24,UNICA,MT,CANA DE ACUCAR,4238,3º LEV,3,194.2,17154.9,538.3,386195.0,698625.1,1084820.1,135.7
2023/24,UNICA,MT,CANA DE ACUCAR,4238,4º LEV,4,194.1,17663.3,539.3,364060.8,740085.1,1104145.9,135.4
2023/24,UNICA,PA,CANA DE ACUCAR,4238,1º LEV,1,16.4,1311.0,77.8,39530.0,10230.0,49760.0,130.0
2023/24,UNICA,PA,CANA DE ACUCAR,4238,2º LEV,2,16.4,1296.0,78.8,37172.0,12590.0,49762.0,130.0
2023/24,UNICA,PA,CANA DE ACUCAR,4238,3º LEV,3,16.4,1297.0,78.8,37172.0,12590.0,49762.0,130.0
2023/24,UNICA,PA,CANA DE ACUCAR,4238,4º LEV,4,16.9,1276.0,78.8,37172.0,12590.0,49762.0,130.0
2023/24,UNICA,PB,CANA DE ACUCAR,4238,1º LEV,1,118.4,6459.2,125.0,301581.0,171193.0,472774.0,131.4
2023/24,UNICA,PB,CANA DE ACUCAR,4238,2º LEV,2,127.8,7755.5,210.5,293492.0,107240.0,400732.0,131.4
2023/24,UNICA,PB,CANA DE ACUCAR,4238,3º LEV,3,126.9,7780.8,214.8,265150.0,82289.0,347439.0,125.5
2023/24,UNICA,PB,CANA DE ACUCAR,4238,4º LEV,4,125.6,7605.7,228.0,211758.0,151299.0,363057.0,124.4
2023/24,UNICA,PE,CANA DE ACUCAR,4238,1º LEV,1,236.7,13764.9,1004.3,165488.4,197133.1,362621.5,126.6
2023/24,UNICA,PE,CANA DE ACUCAR,4238,2º LEV,2,236.3,14637.3,1103.4,181384.2,169797.8,351182.0,126.4
2023/24,UNICA,PE,CANA DE ACUCAR,4238,3º LEV,3,238.2,14806.6,1145.5,163124.2,165747.8,328872.0,126.2
2023/24,UNICA,PE,CANA DE ACUCAR,4238,4º LEV,4,233.7,13810.2,969.5,139090.2,192747.2,331837.4,123.6
2023/24,UNICA,PI,CANA DE ACUCAR,4238,1º LEV,1,20.5,1420.0,104.0,30820.0,13209.0,44029.0,130.0
2023/24,UNICA,PI,CANA DE ACUCAR,4238,2º LEV,2,20.5,1420.0,104.0,30820.0,13209.0,44029.0,130.0
2023/24,UNICA,PI,CANA DE ACUCAR,4238,3º LEV,3,20.5,1420.0,111.0,30820.0,13209.0,44029.0,131.0
2023/24,UNICA,PI,CANA DE ACUCAR,4238,4º LEV,4,20.3,1302.0,97.5,32842.0,14319.0,47161.0,131.5
2023/24,UNICA,PR,CANA DE ACUCAR,4238,1º LEV,1,488.5,31686.6,2495.5,677036.2,559056.1,1236092.3,131.6
2023/24,UNICA,PR,CANA DE ACUCAR,4238,2º LEV,2,493.1,35478.9,2519.4,682349.2,551443.1,1233792.3,129.5
2023/24,UNICA,PR,CANA DE ACUCAR,4238,3º LEV,3,487.9,35322.3,2557.4,682093.2,539272.3,1221365.5,129.5
2023/24,UNICA,PR,CANA DE ACUCAR,4238,4º LEV,4,524.4,38730.9,2890.6,818432.2,541181.4,1359613.6,128.9
2023/24,UNICA,RJ,CANA DE ACUCAR,4238,1º LEV,1,35.5,1572.2,25.1,0.0,109622.0,109622.0,125.9
2023/24,UNICA,RJ,CANA DE ACUCAR,4238,2º LEV,2,33.1,1595.8,59.7,0.0,87611.0,87611.0,125.9
2023/24,UNICA,RJ,CANA DE ACUCAR,4238,3º LEV,3,29.8,1389.1,62.0,0.0,63204.6,63204.6,118.0
2023/24,UNICA,RJ,CANA DE ACUCAR,4238,4º LEV,4,29.7,1425.3,33.7,0.0,82005.0,82005.0,118.2
2023/24,UNICA,RN,CANA DE ACUCAR,4238,1º LEV,1,66.9,3643.8,229.5,43068.0,89134.0,132202.0,130.5
2023/24,UNICA,RN,CANA DE ACUCAR,4238,2º LEV,2,67.5,3677.2,218.7,39155.0,98243.6,137398.6,132.0
2023/24,UNICA,RN,CANA DE ACUCAR,4238,3º LEV,3,67.5,3677.2,218.7,39155.0,98243.6,137398.6,132.0
2023/24,UNICA,RN,CANA DE ACUCAR,4238,4º LEV,4,66.7,3519.6,218.7,39155.0,97468.6,136623.6,127.5
2023/24,UNICA,SE,CANA DE ACUCAR,4238,1º LEV,1,39.6,2250.4,124.6,16343.0,82057.9,98401.0,124.9
2023/24,UNICA,SE,CANA DE ACUCAR,4238,2º LEV,2,39.6,2250.4,124.6,16343.0,82057.9,98401.0,124.9
2023/24,UNICA,SE,CANA DE ACUCAR,4238,3º LEV,3,46.5,2785.1,129.0,25000.0,114400.0,139400.0,124.5
2023/24,UNICA,SE,CANA DE ACUCAR,4238,4º LEV,4,43.1,2535.9,133.5,17400.0,93739.0,111139.0,123.9
2023/24,UNICA,SP,CANA DE ACUCAR,4238,1º LEV,1,4153.0,322020.6,23201.6,5863828.8,6439244.7,12303073.5,135.6
2023/24,UNICA,SP,CANA DE ACUCAR,4238,2º LEV,2,4025.9,328227.4,24432.7,5575243.8,6574938.8,12150182.5,131.6
2023/24,UNICA,SP,CANA DE ACUCAR,4238,3º LEV,3,4091.2,350636.4,29946.5,6024904.1,6399564.8,12424468.9,132.5
2023/24,UNICA,SP,CANA DE ACUCAR,4238,4º LEV,4,4091.2,383409.5,28261.9,6141160.2,7683590.0,13824750.2,135.4
2023/24,UNICA,TO,CANA DE ACUCAR,4238,1º LEV,1,28.3,2480.0,0.0,100000.0,113251.0,213251.0,131.6
2023/24,UNICA,TO,CANA DE ACUCAR,4238,2º LEV,2,28.2,2457.0,0.0,119483.0,81974.0,201457.0,132.0
2023/24,UNICA,TO,CANA DE ACUCAR,4238,3º LEV,3,28.1,2366.0,0.0,108035.0,84674.0,192709.0,128.0
2023/24,UNICA,TO,CANA DE ACUCAR,4238,4º LEV,4,28.2,2363.0,0.0,106940.0,85654.0,192594.0,127.0
2024/25,UNICA,AL,CANA DE ACUCAR,4238,1º LEV,1,309.3,20253.5,1570.6,255657.8,248804.8,504462.6,129.5
2024/25,UNICA,AL,CANA DE ACUCAR,4238,2º LEV,2,309.7,20843.0,1571.7,254742.8,236255.4,490998.2,129.1
2024/25,UNICA,AL,CANA DE ACUCAR,4238,3º LEV,3,309.6,19591.9,1431.6,193822.0,184878.2,378700.2,130.6
2024/25,UNICA,AL,CANA DE ACUCAR,4238,4º LEV,4,292.5,18588.2,1648.3,210046.9,237483.7,447530.6,137.6
2024/25,UNICA,AM,CANA DE ACUCAR,4238,1º LEV,1,3.8,292.9,18.0,0.0,6934.0,6934.0,109.7
2024/25,UNICA,AM,CANA DE ACUCAR,4238,2º LEV,2,3.8,302.0,17.9,0.0,6934.0,6934.0,108.0
2024/25,UNICA,AM,CANA DE ACUCAR,4238,3º LEV,3,3.8,351.0,21.0,0.0,8104.0,8104.0,110.2
2024/25,UNICA,AM,CANA DE ACUCAR,4238,4º LEV,4,3.8,351.0,21.0,0.0,8104.0,8104.0,122.5
2024/25,UNICA,BA,CANA DE ACUCAR,4238,1º LEV,1,67.4,5877.7,238.0,131309.0,184436.0,315745.0,135.5
2024/25,UNICA,BA,CANA DE ACUCAR,4238,2º LEV,2,68.8,5815.4,185.0,120000.0,174600.0,294600.0,116.1
2024/25,UNICA,BA,CANA DE ACUCAR,4238,3º LEV,3,67.4,5861.7,157.1,120000.0,216296.0,336296.0,125.7
2024/25,UNICA,BA,CANA DE ACUCAR,4238,4º LEV,4,76.9,6528.5,287.2,145700.0,189956.0,335656.0,134.6
2024/25,UNICA,ES,CANA DE ACUCAR,4238,1º LEV,1,50.6,2640.0,172.9,89135.0,4200.0,93335.0,122.3
2024/25,UNICA,ES,CANA DE ACUCAR,4238,2º LEV,2,50.5,2767.1,169.8,64948.0,34450.0,99398.0,120.5
2024/25,UNICA,ES,CANA DE ACUCAR,4238,3º LEV,3,48.2,2676.9,162.9,61650.0,38200.0,99850.0,130.1
2024/25,UNICA,ES,CANA DE ACUCAR,4238,4º LEV,4,55.7,3219.9,189.6,93030.0,38074.0,131104.0,120.4
2024/25,UNICA,GO,CANA DE ACUCAR,4238,1º LEV,1,965.6,75711.8,2826.6,1392935.7,3333210.3,4726146.0,139.1
2024/25,UNICA,GO,CANA DE ACUCAR,4238,2º LEV,2,975.3,79307.8,2984.3,1357091.0,3380943.0,4738034.0,136.5
2024/25,UNICA,GO,CANA DE ACUCAR,4238,3º LEV,3,978.6,79765.7,2875.9,1223920.0,3656693.0,4880613.0,137.3
2024/25,UNICA,GO,CANA DE ACUCAR,4238,4º LEV,4,969.7,78579.2,2957.3,1053171.8,3823482.7,4876654.5,137.0
2024/25,UNICA,MA,CANA DE ACUCAR,4238,1º LEV,1,28.7,2051.4,20.9,146513.0,21095.0,167608.0,132.3
2024/25,UNICA,MA,CANA DE ACUCAR,4238,2º LEV,2,30.0,2367.3,42.1,143187.0,21802.0,164989.0,132.3
2024/25,UNICA,MA,CANA DE ACUCAR,4238,3º LEV,3,30.1,2263.1,27.2,144931.0,29273.0,174204.0,136.8
2024/25,UNICA,MA,CANA DE ACUCAR,4238,4º LEV,4,29.3,2145.6,28.6,159150.3,20765.7,179916.0,135.0
2024/25,UNICA,MG,CANA DE ACUCAR,4238,1º LEV,1,1004.6,83235.7,6070.4,1467305.0,1486238.5,2953543.5,139.7
2024/25,UNICA,MG,CANA DE ACUCAR,4238,2º LEV,2,950.7,81876.3,6047.1,1376950.0,1653768.5,3030718.5,137.2
2024/25,UNICA,MG,CANA DE ACUCAR,4238,3º LEV,3,958.0,81971.4,5855.4,1233940.1,1979764.5,3213704.7,138.0
2024/25,UNICA,MG,CANA DE ACUCAR,4238,4º LEV,4,1023.8,86154.7,5550.1,1206553.0,2205995.8,3412548.8,138.5
2024/25,UNICA,MS,CANA DE ACUCAR,4238,1º LEV,1,650.5,52471.6,2326.0,960777.0,1917175.6,2877952.6,132.4
2024/25,UNICA,MS,CANA DE ACUCAR,4238,2º LEV,2,647.9,52230.5,2372.7,747792.6,2175435.2,2923227.8,133.8
2024/25,UNICA,MS,CANA DE ACUCAR,4238,3º LEV,3,675.1,51880.0,2171.4,759467.7,2111084.1,2870551.8,134.2
2024/25,UNICA,MS,CANA DE ACUCAR,4238,4º LEV,4,674.4,49278.0,2699.2,772482.0,2034112.0,2806594.1,133.0
2024/25,UNICA,MT,CANA DE ACUCAR,4238,1º LEV,1,199.6,17502.7,530.0,371528.2,706734.5,1078262.7,136.3
2024/25,UNICA,MT,CANA DE ACUCAR,4238,2º LEV,2,205.3,17627.3,532.3,443577.9,667040.3,1110618.2,135.0
2024/25,UNICA,MT,CANA DE ACUCAR,4238,3º LEV,3,193.7,16976.5,544.9,374823.4,637845.1,1012668.5,125.3
2024/25,UNICA,MT,CANA DE ACUCAR,4238,4º LEV,4,218.0,17962.1,578.4,425677.8,678519.5,1104197.3,135.6
2024/25,UNICA,PA,CANA DE ACUCAR,4238,1º LEV,1,16.7,1281.2,76.7,38247.0,12045.0,50292.0,130.9
2024/25,UNICA,PA,CANA DE ACUCAR,4238,2º LEV,2,16.7,1312.0,76.7,38247.0,12045.0,50292.0,130.9
2024/25,UNICA,PA,CANA DE ACUCAR,4238,3º LEV,3,16.7,1312.0,76.7,38247.0,12045.0,50292.0,130.9
2024/25,UNICA,PA,CANA DE ACUCAR,4238,4º LEV,4,16.7,1312.0,76.7,38247.0,12045.0,50292.0,130.9
2024/25,UNICA,PB,CANA DE ACUCAR,4238,1º LEV,1,128.0,7738.5,242.5,224449.0,136635.0,361084.0,125.4
2024/25,UNICA,PB,CANA DE ACUCAR,4238,2º LEV,2,129.3,8053.3,367.2,207709.0,129928.0,337637.0,123.3
2024/25,UNICA,PB,CANA DE ACUCAR,4238,3º LEV,3,129.1,7942.4,260.4,184361.0,183206.0,367567.0,126.1
2024/25,UNICA,PB,CANA DE ACUCAR,4238,4º LEV,4,127.3,7486.6,308.0,174467.0,157745.0,332212.0,129.5
2024/25,UNICA,PE,CANA DE ACUCAR,4238,1º LEV,1,221.4,13199.5,984.3,148972.5,160107.0,309079.5,124.3
2024/25,UNICA,PE,CANA DE ACUCAR,4238,2º LEV,2,245.0,14814.6,1191.3,130223.0,195617.0,325840.0,126.8
2024/25,UNICA,PE,CANA DE ACUCAR,4238,3º LEV,3,247.5,14924.6,1206.2,122842.0,192905.0,315747.0,130.8
2024/25,UNICA,PE,CANA DE ACUCAR,4238,4º LEV,4,242.0,14334.5,1180.7,138315.3,199337.5,337652.8,133.1
2024/25,UNICA,PI,CANA DE ACUCAR,4238,1º LEV,1,20.3,1299.6,112.5,18681.0,8006.0,26687.0,131.4
2024/25,UNICA,PI,CANA DE ACUCAR,4238,2º LEV,2,20.4,1250.0,112.5,18681.0,8006.0,26687.0,131.0
2024/25,UNICA,PI,CANA DE ACUCAR,4238,3º LEV,3,20.2,1120.0,82.7,8608.0,21022.0,29630.0,131.5
2024/25,UNICA,PI,CANA DE ACUCAR,4238,4º LEV,4,21.5,1292.0,111.1,15369.0,15369.0,30738.0,131.0
2024/25,UNICA,PR,CANA DE ACUCAR,4238,1º LEV,1,522.6,37000.1,2962.3,688263.6,507970.3,1196233.9,132.1
2024/25,UNICA,PR,CANA DE ACUCAR,4238,2º LEV,2,488.3,34206.3,2616.8,557803.9,541926.9,1099730.8,130.0
2024/25,UNICA,PR,CANA DE ACUCAR,4238,3º LEV,3,491.5,33759.1,2624.6,547633.9,539373.9,1087007.8,131.2
2024/25,UNICA,PR,CANA DE ACUCAR,4238,4º LEV,4,497.1,35719.6,2760.7,554083.5,624697.9,1178781.4,131.7
2024/25,UNICA,RJ,CANA DE ACUCAR,4238,1º LEV,1,35.0,1772.2,60.0,0.0,87500.0,87500.0,123.4
2024/25,UNICA,RJ,CANA DE ACUCAR,4238,2º LEV,2,36.1,1965.4,61.6,0.0,99455.0,99455.0,123.4
2024/25,UNICA,RJ,CANA DE ACUCAR,4238,3º LEV,3,35.0,1662.0,44.3,0.0,105852.0,105852.0,130.5
2024/25,UNICA,RJ,CANA DE ACUCAR,4238,4º LEV,4,35.0,1751.4,48.0,0.0,100500.0,100500.0,130.5
2024/25,UNICA,RN,CANA DE ACUCAR,4238,1º LEV,1,66.7,3649.3,218.7,39155.0,100268.6,139423.6,126.7
2024/25,UNICA,RN,CANA DE ACUCAR,4238,2º LEV,2,70.3,3769.9,230.8,39155.0,93338.9,132493.9,127.3
2024/25,UNICA,RN,CANA DE ACUCAR,4238,3º LEV,3,70.3,3769.9,305.7,37516.0,89908.9,127424.9,127.3
2024/25,UNICA,RN,CANA DE ACUCAR,4238,4º LEV,4,81.6,4092.8,251.4,18878.0,125112.0,143990.0,127.9
2024/25,UNICA,SE,CANA DE ACUCAR,4238,1º LEV,1,45.2,2580.8,133.5,17400.0,93739.0,111139.0,124.4
2024/25,UNICA,SE,CANA DE ACUCAR,4238,2º LEV,2,45.4,2703.8,136.0,18000.0,112000.0,130000.0,125.2
2024/25,UNICA,SE,CANA DE ACUCAR,4238,3º LEV,3,45.6,2244.2,122.4,16200.0,87320.0,103520.0,130.2
2024/25,UNICA,SE,CANA DE ACUCAR,4238,4º LEV,4,44.8,2139.3,121.4,15000.0,82500.0,97500.0,129.8
2024/25,UNICA,SP,CANA DE ACUCAR,4238,1º LEV,1,4308.1,355090.9,27728.2,6162300.4,5949194.9,12111495.3,136.9
2024/25,UNICA,SP,CANA DE ACUCAR,4238,2º LEV,2,4305.4,356189.5,27280.5,5880671.0,7324455.8,13205126.8,135.8
2024/25,UNICA,SP,CANA DE ACUCAR,4238,3º LEV,3,4346.0,348167.0,26035.9,5849579.6,7642594.6,13492174.2,139.1
2024/25,UNICA,SP,CANA DE ACUCAR,4238,4º LEV,4,4413.2,353547.4,26035.9,5347010.9,8200780.7,13547791.5,139.1
2024/25,UNICA,TO,CANA DE ACUCAR,4238,1º LEV,1,28.9,2207.5,0.0,115000.0,84885.0,199885.0,129.8
2024/25,UNICA,TO,CANA DE ACUCAR,4238,2º LEV,2,29.0,2430.0,0.0,115000.0,87152.0,202152.0,128.0
2024/25,UNICA,TO,CANA DE ACUCAR,4238,3º LEV,3,29.1,2429.0,0.0,107427.0,95578.0,203005.0,128.0
2024/25,UNICA,TO,CANA DE ACUCAR,4238,4º LEV,4,30.5,2576.0,0.0,100000.0,114250.0,214250.0,126.0
2025/26,UNICA,AL,CANA DE ACUCAR,4238,1º LEV,1,292.5,17799.2,1648.3,210046.9,237483.7,447530.6,137.2
2025/26,UNICA,AL,CANA DE ACUCAR,4238,2º LEV,2,294.8,17567.7,1600.0,211062.0,261606.1,472668.1,137.2
2025/26,UNICA,AL,CANA DE ACUCAR,4238,3º LEV,3,293.1,18232.0,1539.5,188717.0,238304.2,427021.2,130.2
2025/26,UNICA,AM,CANA DE ACUCAR,4238,1º LEV,1,3.8,321.4,21.0,0.0,8104.0,8104.0,124.4
2025/26,UNICA,AM,CANA DE ACUCAR,4238,2º LEV,2,3.6,302.1,16.4,0.0,6376.0,6376.0,108.0
2025/26,UNICA,AM,CANA DE ACUCAR,4238,3º LEV,3,3.7,325.0,19.9,0.0,7069.0,7069.0,110.0
2025/26,UNICA,BA,CANA DE ACUCAR,4238,1º LEV,1,76.9,6489.5,287.2,145700.0,189956.0,335656.0,135.3
2025/26,UNICA,BA,CANA DE ACUCAR,4238,2º LEV,2,76.8,6873.7,231.4,166815.0,228448.0,395263.0,131.7
2025/26,UNICA,BA,CANA DE ACUCAR,4238,3º LEV,3,76.9,6362.9,147.7,136500.0,213685.0,350185.0,126.9
2025/26,UNICA,ES,CANA DE ACUCAR,4238,1º LEV,1,55.7,3151.2,189.6,93030.0,38074.0,131104.0,125.6
2025/26,UNICA,ES,CANA DE ACUCAR,4238,2º LEV,2,56.7,3344.9,196.5,90774.0,35114.0,125888.0,125.6
2025/26,UNICA,ES,CANA DE ACUCAR,4238,3º LEV,3,56.7,3501.8,198.0,94764.0,29000.0,123764.0,121.0
2025/26,UNICA,GO,CANA DE ACUCAR,4238,1º LEV,1,1000.8,80784.7,3033.2,1205576.0,3658842.0,4864418.0,137.7
2025/26,UNICA,GO,CANA DE ACUCAR,4238,2º LEV,2,999.9,79435.5,2900.7,1209398.0,3612608.0,4822006.0,134.8
2025/26,UNICA,GO,CANA DE ACUCAR,4238,3º LEV,3,1027.9,80426.1,2793.0,1250067.3,3586577.8,4836645.1,133.8
2025/26,UNICA,MA,CANA DE ACUCAR,4238,1º LEV,1,29.3,2164.6,28.6,159150.3,20765.7,179916.0,133.9
2025/26,UNICA,MA,CANA DE ACUCAR,4238,2º LEV,2,29.8,2204.9,28.4,147648.4,19869.1,167517.5,136.6
2025/26,UNICA,MA,CANA DE ACUCAR,4238,3º LEV,3,30.9,2161.8,24.5,139931.0,22860.0,162791.0,135.5
2025/26,UNICA,MG,CANA DE ACUCAR,4238,1º LEV,1,1023.8,82468.5,6116.2,1390142.0,1879038.8,3269180.8,141.3
2025/26,UNICA,MG,CANA DE ACUCAR,4238,2º LEV,2,1019.7,81415.9,6026.6,1298963.9,1701454.2,3000418.1,134.6
2025/26,UNICA,MG,CANA DE ACUCAR,4238,3º LEV,3,1036.5,79646.3,5653.5,1228081.0,1573278.5,2801359.6,132.6
2025/26,UNICA,MS,CANA DE ACUCAR,4238,1º LEV,1,693.8,49426.6,2699.2,776550.2,1903811.2,2680361.5,136.6
2025/26,UNICA,MS,CANA DE ACUCAR,4238,2º LEV,2,704.2,52436.4,2562.9,833961.2,1997567.4,2831528.6,132.4
2025/26,UNICA,MS,CANA DE ACUCAR,4238,3º LEV,3,715.9,52381.8,2504.8,956269.1,1806300.6,2762569.7,132.2
2025/26,UNICA,MT,CANA DE ACUCAR,4238,1º LEV,1,218.0,18152.6,615.4,425677.8,678519.5,1104197.3,136.1
2025/26,UNICA,MT,CANA DE ACUCAR,4238,2º LEV,2,216.8,18139.8,615.4,435385.0,695835.6,1131220.6,133.0
2025/26,UNICA,MT,CANA DE ACUCAR,4238,3º LEV,3,217.1,18222.5,605.7,424429.2,741435.2,1165864.3,132.8
2025/26,UNICA,PA,CANA DE ACUCAR,4238,1º LEV,1,16.7,1329.8,76.7,38247.0,12045.0,50292.0,128.3
2025/26,UNICA,PA,CANA DE ACUCAR,4238,2º LEV,2,17.6,1368.0,76.7,38247.0,12045.0,50292.0,130.0
2025/26,UNICA,PA,CANA DE ACUCAR,4238,3º LEV,3,17.8,1489.3,82.7,41941.0,13597.0,55538.0,130.0
2025/26,UNICA,PB,CANA DE ACUCAR,4238,1º LEV,1,127.1,7635.5,347.9,174467.0,157745.0,332212.0,125.5
2025/26,UNICA,PB,CANA DE ACUCAR,4238,2º LEV,2,126.8,7313.0,320.6,182921.0,159399.0,342320.0,125.5
2025/26,UNICA,PB,CANA DE ACUCAR,4238,3º LEV,3,126.0,7249.8,320.6,151954.0,206603.0,358557.0,124.5
2025/26,UNICA,PE,CANA DE ACUCAR,4238,1º LEV,1,242.0,14648.0,1180.7,138315.3,199337.5,337652.8,129.5
2025/26,UNICA,PE,CANA DE ACUCAR,4238,2º LEV,2,232.5,13770.6,1066.4,130569.0,225015.3,355584.3,129.5
2025/26,UNICA,PE,CANA DE ACUCAR,4238,3º LEV,3,234.5,13800.5,1063.2,130523.0,209536.0,340059.0,131.3
2025/26,UNICA,PI,CANA DE ACUCAR,4238,1º LEV,1,21.5,1230.3,111.1,15369.0,15369.0,30738.0,126.4
2025/26,UNICA,PI,CANA DE ACUCAR,4238,2º LEV,2,20.5,1169.3,111.1,15369.0,15369.0,30738.0,131.5
2025/26,UNICA,PI,CANA DE ACUCAR,4238,3º LEV,3,20.6,1038.6,111.1,11520.3,19217.7,30738.0,131.0
2025/26,UNICA,PR,CANA DE ACUCAR,4238,1º LEV,1,497.1,34365.0,2760.7,554083.5,624697.9,1178781.4,133.7
2025/26,UNICA,PR,CANA DE ACUCAR,4238,2º LEV,2,498.0,35244.7,2860.4,560728.0,585651.8,1146379.8,129.8
2025/26,UNICA,PR,CANA DE ACUCAR,4238,3º LEV,3,499.7,36198.2,2859.0,545614.2,628503.9,1174118.2,131.5
2025/26,UNICA,RJ,CANA DE ACUCAR,4238,1º LEV,1,35.0,1661.7,48.0,0.0,100500.0,100500.0,124.2
2025/26,UNICA,RJ,CANA DE ACUCAR,4238,2º LEV,2,36.6,1844.2,55.7,0.0,100912.0,100912.0,124.2
2025/26,UNICA,RJ,CANA DE ACUCAR,4238,3º LEV,3,34.4,1694.0,22.4,0.0,105300.0,105300.0,113.4
2025/26,UNICA,RN,CANA DE ACUCAR,4238,1º LEV,1,81.6,4253.6,251.4,18878.0,125112.0,143990.0,126.9
2025/26,UNICA,RN,CANA DE ACUCAR,4238,2º LEV,2,81.6,4253.6,251.4,18878.0,125112.0,143990.0,129.8
2025/26,UNICA,RN,CANA DE ACUCAR,4238,3º LEV,3,81.6,4092.8,251.4,18878.0,125112.0,143990.0,130.5
2025/26,UNICA,SE,CANA DE ACUCAR,4238,1º LEV,1,44.8,2094.1,121.4,15000.0,82500.0,97500.0,130.2
2025/26,UNICA,SE,CANA DE ACUCAR,4238,2º LEV,2,44.8,2094.1,119.7,14700.0,82386.0,97086.0,130.2
2025/26,UNICA,SE,CANA DE ACUCAR,4238,3º LEV,3,44.5,2122.8,119.7,14700.0,82386.0,97086.0,130.0
2025/26,UNICA,SP,CANA DE ACUCAR,4238,1º LEV,1,4302.1,332907.5,26338.3,5915668.7,6689188.0,12604856.7,141.8
2025/26,UNICA,SP,CANA DE ACUCAR,4238,2º LEV,2,4358.1,337897.9,25421.5,5321442.8,6048407.4,11369850.2,134.1
2025/26,UNICA,SP,CANA DE ACUCAR,4238,3º LEV,3,4425.4,335312.8,26701.7,5060985.4,6382231.6,11443217.0,134.9
2025/26,UNICA,TO,CANA DE ACUCAR,4238,1º LEV,1,30.5,2554.4,0.0,100000.0,114250.0,214250.0,123.1
2025/26,UNICA,TO,CANA DE ACUCAR,4238,2º LEV,2,30.9,2143.7,0.0,96540.0,78758.0,175298.0,119.0
2025/26,UNICA,TO,CANA DE ACUCAR,4238,3º LEV,3,31.6,2186.3,0.0,80035.3,85504.1,165539.4,128.0
